image_number,spa_R,spa_G,spa_B,triples_R,triples_G,triples_B,ws_R,ws_G,ws_B,,,,,Average,spa_R,spa_G,spa_B,triples_R,triples_G,triples_B,ws_R,ws_G,ws_B
0001x4,0.114,0.376,0.085,0.736842105263158,0.736842105263158,0.736842105263158,0.274,1.185,0.192,,,,,DIV2K_train_LR_unknown_X4,0.148279161205767,0.34809,0.147124828532236,0.709373919315007,0.736842105263158,0.735249236487629,0.3127575,1.16099375,0.22553875
0002x4,0.168,0.345,0.162,0.736842105263158,0.736842105263158,0.736842105263158,0.322,1.097,0.278,,,,,,,,,,,,,,
0003x4,0.105,0.321,0.056,0.736842105263158,0.736842105263158,0.736842105263158,0.347,1.277,0.251,,,,,,,,,,,,,,
0004x4,0.179,0.371,0.197,0.736842105263158,0.736842105263158,0.736842105263158,0.314,1.162,0.237,,,,,,,,,,,,,,
0005x4,,0.315,,0.736842105263158,0.736842105263158,0.736842105263158,0.33,1.175,0.273,,,,,,,,,,,,,,
0006x4,0.158,0.342,0.123,0.736842105263158,0.736842105263158,0.736842105263158,0.317,1.045,0.229,,,,,,,,,,,,,,
0007x4,0.147,0.344,0.144,0.736842105263158,0.736842105263158,0.736842105263158,0.332,1.202,0.261,,,,,,,,,,,,,,
0008x4,0.122,0.353,0.166,0.736842105263158,0.736842105263158,0.736842105263158,0.347,1.196,0.24,,,,,,,,,,,,,,
0009x4,0.089,0.314,0.161,0.736842105263158,0.736842105263158,0.736842105263158,0.275,1.023,0.223,,,,,,,,,,,,,,
0010x4,0.187,0.414,0.123,0.736842105263158,0.736842105263158,0.736842105263158,0.354,1.252,0.249,,,,,,,,,,,,,,
0011x4,0.143,0.336,0.213,0.736842105263158,0.736842105263158,0.736842105263158,0.296,1.139,0.2,,,,,,,,,,,,,,
0012x4,0.14,0.343,0.09,0.736842105263158,0.736842105263158,0.736842105263158,0.334,1.161,0.182,,,,,,,,,,,,,,
0013x4,0.143,0.369,0.116,0.736842105263158,0.736842105263158,0.736842105263158,0.337,1.23,0.235,,,,,,,,,,,,,,
0014x4,0.058,0.222,,0.736842105263158,0.736842105263158,0.736842105263158,0.297,0.929,0.18,,,,,,,,,,,,,,
0015x4,0.08,0.271,0.114,0.330052939908677,0.736842105263158,0.736842105263158,0.234,0.88,0.17,,,,,,,,,,,,,,
0016x4,0.146,0.378,0.158,0.736842105263158,0.736842105263158,0.736842105263158,0.306,1.159,0.225,,,,,,,,,,,,,,
0017x4,0.153,0.312,0.144,0.736842105263158,0.736842105263158,0.736842105263158,0.281,0.956,0.182,,,,,,,,,,,,,,
0018x4,0.142,0.312,0.072,0.736842105263158,0.736842105263158,0.736842105263158,0.279,1.078,0.262,,,,,,,,,,,,,,
0019x4,0.1,0.383,,0.736842105263158,0.736842105263158,0.736842105263158,0.35,1.269,0.234,,,,,,,,,,,,,,
0020x4,0.168,0.405,0.169,0.736842105263158,0.736842105263158,0.736842105263158,0.357,1.365,0.264,,,,,,,,,,,,,,
0021x4,,0.164,0.064,0.338857452455185,0.736842105263158,0.736842105263158,0.219,0.763,0.126,,,,,,,,,,,,,,
0022x4,0.084,0.194,0.111,0.305809441877312,0.736842105263158,0.736842105263158,0.234,0.965,0.148,,,,,,,,,,,,,,
0023x4,0.098,0.298,,0.736842105263158,0.736842105263158,0.736842105263158,0.281,1.144,0.217,,,,,,,,,,,,,,
0024x4,0.313,0.484,0.248,0.736842105263158,0.736842105263158,0.736842105263158,0.352,1.354,0.233,,,,,,,,,,,,,,
0025x4,0.13,0.253,0.061,0.736842105263158,0.736842105263158,0.736842105263158,0.327,1.005,0.178,,,,,,,,,,,,,,
0026x4,0.144,0.387,0.122,0.736842105263158,0.736842105263158,0.736842105263158,0.34,1.328,0.244,,,,,,,,,,,,,,
0027x4,0.139,0.36,0.081,0.736842105263158,0.736842105263158,0.736842105263158,0.332,1.2,0.247,,,,,,,,,,,,,,
0028x4,0.157,0.364,0.15,0.736842105263158,0.736842105263158,0.736842105263158,0.318,1.124,0.26,,,,,,,,,,,,,,
0029x4,0.075,0.306,,0.736842105263158,0.736842105263158,0.736842105263158,0.241,1.063,0.14,,,,,,,,,,,,,,
0030x4,0.199,0.358,0.208,0.736842105263158,0.736842105263158,0.736842105263158,0.259,1.068,0.193,,,,,,,,,,,,,,
0031x4,0.135,0.371,0.143,0.736842105263158,0.736842105263158,0.736842105263158,0.32,1.247,0.24,,,,,,,,,,,,,,
0032x4,0.19,0.365,0.176,0.736842105263158,0.736842105263158,0.736842105263158,0.333,1.135,0.232,,,,,,,,,,,,,,
0033x4,0.112,0.307,0.063,0.736842105263158,0.736842105263158,0.736842105263158,0.328,1.089,0.217,,,,,,,,,,,,,,
0034x4,0.13,0.375,0.127,0.736842105263158,0.736842105263158,0.736842105263158,0.331,1.244,0.239,,,,,,,,,,,,,,
0035x4,0.111,0.285,0.084,0.736842105263158,0.736842105263158,0.736842105263158,0.278,1.01,0.196,,,,,,,,,,,,,,
0036x4,0.155,0.393,0.125,0.736842105263158,0.736842105263158,0.736842105263158,0.333,1.264,0.25,,,,,,,,,,,,,,
0037x4,0.183,0.409,0.217,0.736842105263158,0.736842105263158,0.736842105263158,0.353,1.319,0.248,,,,,,,,,,,,,,
0038x4,0.09,0.279,0.162,0.736842105263158,0.736842105263158,0.736842105263158,0.353,1.251,0.23,,,,,,,,,,,,,,
0039x4,0.079,0.275,0.11,0.736842105263158,0.736842105263158,0.736842105263158,0.295,1.076,0.219,,,,,,,,,,,,,,
0040x4,0.238,0.412,0.251,0.736842105263158,0.736842105263158,0.736842105263158,0.325,1.2,0.233,,,,,,,,,,,,,,
0041x4,0.083,0.314,0.089,0.736842105263158,0.736842105263158,0.736842105263158,0.325,1.231,0.237,,,,,,,,,,,,,,
0042x4,0.106,0.34,0.078,0.736842105263158,0.736842105263158,0.736842105263158,0.321,1.26,0.268,,,,,,,,,,,,,,
0043x4,0.133,0.383,0.077,0.736842105263158,0.736842105263158,0.736842105263158,0.357,1.417,0.277,,,,,,,,,,,,,,
0044x4,0.243,0.439,0.189,0.736842105263158,0.736842105263158,0.736842105263158,0.375,1.37,0.275,,,,,,,,,,,,,,
0045x4,0.19,0.27,0.201,0.355050208743597,0.736842105263158,0.736842105263158,0.257,0.756,0.146,,,,,,,,,,,,,,
0046x4,0.112,0.337,0.069,0.736842105263158,0.736842105263158,0.736842105263158,0.299,1.077,0.206,,,,,,,,,,,,,,
0047x4,0.141,0.391,0.067,0.736842105263158,0.736842105263158,0.736842105263158,0.313,1.19,0.263,,,,,,,,,,,,,,
0048x4,0.146,0.345,0.074,0.736842105263158,0.736842105263158,0.736842105263158,0.318,1.223,0.237,,,,,,,,,,,,,,
0049x4,0.077,0.295,0.117,0.736842105263158,0.736842105263158,0.736842105263158,0.3,1.032,0.187,,,,,,,,,,,,,,
0050x4,0.135,0.368,0.09,0.736842105263158,0.736842105263158,0.736842105263158,0.342,1.327,0.259,,,,,,,,,,,,,,
0051x4,0.122,0.327,,0.736842105263158,0.736842105263158,0.736842105263158,0.324,1.249,0.224,,,,,,,,,,,,,,
0052x4,0.38,0.559,0.495,0.228190154518788,0.736842105263158,0.736842105263158,0.303,1.177,0.204,,,,,,,,,,,,,,
0053x4,0.105,0.278,0.144,0.736842105263158,0.736842105263158,0.736842105263158,0.277,0.893,0.193,,,,,,,,,,,,,,
0054x4,0.147,0.354,0.212,0.736842105263158,0.736842105263158,0.736842105263158,0.303,1.162,0.269,,,,,,,,,,,,,,
0055x4,0.172,0.366,0.194,0.736842105263158,0.736842105263158,0.736842105263158,0.299,1.175,0.203,,,,,,,,,,,,,,
0056x4,0.088,0.257,,0.736842105263158,0.736842105263158,0.736842105263158,0.304,0.969,0.184,,,,,,,,,,,,,,
0057x4,0.112,0.326,0.152,0.736842105263158,0.736842105263158,0.736842105263158,0.318,1.187,0.21,,,,,,,,,,,,,,
0058x4,0.155,0.377,0.177,0.736842105263158,0.736842105263158,0.736842105263158,0.32,1.265,0.246,,,,,,,,,,,,,,
0059x4,0.223,0.369,0.229,0.736842105263158,0.736842105263158,0.736842105263158,0.331,1.083,0.263,,,,,,,,,,,,,,
0060x4,0.146,0.28,0.101,0.736842105263158,0.736842105263158,0.736842105263158,0.282,0.948,0.193,,,,,,,,,,,,,,
0061x4,0.184,0.332,0.187,0.736842105263158,0.736842105263158,0.736842105263158,0.269,1.001,0.175,,,,,,,,,,,,,,
0062x4,0.1,0.395,0.086,0.736842105263158,0.736842105263158,0.736842105263158,0.328,1.362,0.262,,,,,,,,,,,,,,
0063x4,0.174,0.344,0.113,0.237418098751317,0.736842105263158,0.736842105263158,0.288,1.113,0.114,,,,,,,,,,,,,,
0064x4,0.128,0.37,0.146,0.736842105263158,0.736842105263158,0.736842105263158,0.342,1.271,0.249,,,,,,,,,,,,,,
0065x4,0.209,0.391,0.19,0.736842105263158,0.736842105263158,0.736842105263158,0.324,1.221,0.223,,,,,,,,,,,,,,
0066x4,0.16,0.336,0.088,0.736842105263158,0.736842105263158,0.736842105263158,0.29,1.081,0.205,,,,,,,,,,,,,,
0067x4,0.145,0.367,0.114,0.736842105263158,0.736842105263158,0.736842105263158,0.349,1.258,0.223,,,,,,,,,,,,,,
0068x4,0.171,0.365,0.202,0.736842105263158,0.736842105263158,0.736842105263158,0.308,1.196,0.252,,,,,,,,,,,,,,
0069x4,0.127,0.337,0.108,0.736842105263158,0.736842105263158,0.736842105263158,0.272,1,0.167,,,,,,,,,,,,,,
0070x4,,0.247,,0.736842105263158,0.736842105263158,0.736842105263158,0.257,0.964,0.202,,,,,,,,,,,,,,
0071x4,0.163,0.403,0.108,0.736842105263158,0.736842105263158,0.736842105263158,0.356,1.282,0.251,,,,,,,,,,,,,,
0072x4,0.058,0.256,,0.736842105263158,0.736842105263158,0.736842105263158,0.276,1.115,0.215,,,,,,,,,,,,,,
0073x4,0.063,0.225,,0.358355902193215,0.736842105263158,0.736842105263158,0.253,0.785,0.135,,,,,,,,,,,,,,
0074x4,0.219,0.37,0.237,0.189693776251818,0.736842105263158,,0.269,1.038,0.175,,,,,,,,,,,,,,
0075x4,0.212,0.426,0.277,0.736842105263158,0.736842105263158,0.736842105263158,0.272,1.27,0.261,,,,,,,,,,,,,,
0076x4,0.125,0.342,0.102,0.736842105263158,0.736842105263158,0.736842105263158,0.324,1.132,0.241,,,,,,,,,,,,,,
0077x4,0.139,0.332,0.093,0.736842105263158,0.736842105263158,0.736842105263158,0.325,1.196,0.235,,,,,,,,,,,,,,
0078x4,0.272,0.443,0.312,0.736842105263158,0.736842105263158,0.736842105263158,0.395,1.396,0.281,,,,,,,,,,,,,,
0079x4,,0.292,0.098,0.736842105263158,0.736842105263158,0.736842105263158,0.323,1.165,0.251,,,,,,,,,,,,,,
0080x4,0.091,0.32,0.118,0.736842105263158,0.736842105263158,0.736842105263158,0.296,1.094,0.215,,,,,,,,,,,,,,
0081x4,0.23,0.315,0.308,0.736842105263158,0.736842105263158,0.736842105263158,0.32,0.896,0.212,,,,,,,,,,,,,,
0082x4,0.106,0.321,0.078,0.736842105263158,0.736842105263158,0.736842105263158,0.308,1.307,0.223,,,,,,,,,,,,,,
0083x4,0.206,0.43,0.242,0.736842105263158,0.736842105263158,0.736842105263158,0.36,1.451,0.215,,,,,,,,,,,,,,
0084x4,0.186,0.31,0.221,0.736842105263158,0.736842105263158,0.736842105263158,0.284,1.026,0.201,,,,,,,,,,,,,,
0085x4,0.144,0.34,0.198,0.736842105263158,0.736842105263158,0.736842105263158,0.326,1.138,0.2,,,,,,,,,,,,,,
0086x4,0.144,0.298,0.111,0.736842105263158,0.736842105263158,0.736842105263158,0.298,1.001,0.209,,,,,,,,,,,,,,
0087x4,0.129,0.394,0.144,0.736842105263158,0.736842105263158,0.736842105263158,0.33,1.263,0.266,,,,,,,,,,,,,,
0088x4,0.155,0.262,0.184,0.333840228684083,0.736842105263158,0.144222069822835,0.261,0.878,0.159,,,,,,,,,,,,,,
0089x4,0.143,0.261,0.104,0.736842105263158,0.736842105263158,0.736842105263158,0.332,1.04,0.22,,,,,,,,,,,,,,
0090x4,0.088,0.342,0.115,0.736842105263158,0.736842105263158,0.736842105263158,0.27,1.233,0.2,,,,,,,,,,,,,,
0091x4,0.084,0.295,0.104,0.736842105263158,0.736842105263158,0.736842105263158,0.313,1.105,0.226,,,,,,,,,,,,,,
0092x4,0.077,0.287,0.118,0.736842105263158,0.736842105263158,0.736842105263158,0.301,0.974,0.191,,,,,,,,,,,,,,
0093x4,0.145,0.37,0.107,0.318823793458813,0.736842105263158,0.736842105263158,0.284,1.18,0.21,,,,,,,,,,,,,,
0094x4,0.097,0.348,,0.736842105263158,0.736842105263158,0.736842105263158,0.322,1.324,0.238,,,,,,,,,,,,,,
0095x4,0.175,0.334,0.181,0.736842105263158,0.736842105263158,0.736842105263158,0.287,1.063,0.203,,,,,,,,,,,,,,
0096x4,0.186,0.335,0.241,0.736842105263158,0.736842105263158,0.736842105263158,0.303,1.164,0.216,,,,,,,,,,,,,,
0097x4,0.069,0.227,,0.736842105263158,0.736842105263158,0.736842105263158,0.236,0.788,0.182,,,,,,,,,,,,,,
0098x4,0.195,0.419,0.169,0.736842105263158,0.736842105263158,0.736842105263158,0.344,1.405,0.268,,,,,,,,,,,,,,
0099x4,0.236,0.439,0.224,0.736842105263158,0.736842105263158,0.736842105263158,0.336,1.349,0.248,,,,,,,,,,,,,,
0100x4,0.109,0.342,0.109,0.736842105263158,0.736842105263158,0.736842105263158,0.353,1.241,0.238,,,,,,,,,,,,,,
0101x4,0.14,0.35,0.113,0.736842105263158,0.736842105263158,0.736842105263158,0.32,1.179,0.256,,,,,,,,,,,,,,
0102x4,0.183,0.372,0.158,0.736842105263158,0.736842105263158,0.736842105263158,0.336,1.276,0.226,,,,,,,,,,,,,,
0103x4,0.139,0.367,0.103,0.736842105263158,0.736842105263158,0.736842105263158,0.306,1.375,0.211,,,,,,,,,,,,,,
0104x4,0.12,0.334,0.156,0.736842105263158,0.736842105263158,0.736842105263158,0.279,1.072,0.179,,,,,,,,,,,,,,
0105x4,0.142,0.35,0.098,0.736842105263158,0.736842105263158,0.736842105263158,0.309,1.232,0.226,,,,,,,,,,,,,,
0106x4,0.102,0.251,0.109,0.736842105263158,0.736842105263158,0.736842105263158,0.29,0.998,0.186,,,,,,,,,,,,,,
0107x4,0.217,0.368,0.198,0.236258898559899,0.736842105263158,0.736842105263158,0.27,0.976,0.177,,,,,,,,,,,,,,
0108x4,0.215,0.372,0.205,0.736842105263158,0.736842105263158,0.736842105263158,0.313,1.102,0.226,,,,,,,,,,,,,,
0109x4,0.165,0.352,0.154,0.736842105263158,0.736842105263158,0.736842105263158,0.302,1.18,0.233,,,,,,,,,,,,,,
0110x4,0.257,0.473,0.285,0.736842105263158,0.736842105263158,0.736842105263158,0.356,1.41,0.286,,,,,,,,,,,,,,
0111x4,0.072,0.255,0.078,0.736842105263158,0.736842105263158,0.736842105263158,0.276,0.952,0.187,,,,,,,,,,,,,,
0112x4,0.13,0.324,0.102,0.736842105263158,0.736842105263158,0.736842105263158,0.318,1.097,0.232,,,,,,,,,,,,,,
0113x4,0.194,0.335,0.199,0.736842105263158,0.736842105263158,0.736842105263158,0.294,0.985,0.195,,,,,,,,,,,,,,
0114x4,0.133,0.362,0.231,0.736842105263158,0.736842105263158,0.736842105263158,0.337,1.097,0.228,,,,,,,,,,,,,,
0115x4,0.158,0.379,0.136,0.736842105263158,0.736842105263158,0.736842105263158,0.338,1.236,0.276,,,,,,,,,,,,,,
0116x4,0.146,0.322,0.165,0.736842105263158,0.736842105263158,0.736842105263158,0.295,1.076,0.202,,,,,,,,,,,,,,
0117x4,0.194,0.331,0.153,0.736842105263158,0.736842105263158,0.736842105263158,0.312,0.938,0.164,,,,,,,,,,,,,,
0118x4,0.138,0.391,0.133,0.736842105263158,0.736842105263158,0.736842105263158,0.331,1.262,0.253,,,,,,,,,,,,,,
0119x4,0.089,0.274,,0.736842105263158,0.736842105263158,0.736842105263158,0.293,0.925,0.186,,,,,,,,,,,,,,
0120x4,0.109,0.342,0.052,0.736842105263158,0.736842105263158,0.736842105263158,0.334,1.296,0.262,,,,,,,,,,,,,,
0121x4,0.161,0.38,0.203,0.736842105263158,0.736842105263158,0.736842105263158,0.33,1.273,0.232,,,,,,,,,,,,,,
0122x4,0.195,0.43,0.189,0.736842105263158,0.736842105263158,0.736842105263158,0.381,1.583,0.201,,,,,,,,,,,,,,
0123x4,0.123,0.401,0.18,0.736842105263158,0.736842105263158,0.736842105263158,0.313,1.249,0.267,,,,,,,,,,,,,,
0124x4,0.16,0.342,0.13,0.736842105263158,0.736842105263158,0.736842105263158,0.305,1.129,0.247,,,,,,,,,,,,,,
0125x4,0.216,0.375,0.197,0.736842105263158,0.736842105263158,0.736842105263158,0.329,1.179,0.243,,,,,,,,,,,,,,
0126x4,0.243,0.453,0.275,0.736842105263158,0.736842105263158,0.736842105263158,0.34,1.284,0.217,,,,,,,,,,,,,,
0127x4,0.175,0.364,0.182,0.736842105263158,0.736842105263158,0.736842105263158,0.32,1.209,0.267,,,,,,,,,,,,,,
0128x4,0.112,0.322,,0.736842105263158,0.736842105263158,0.736842105263158,0.314,1.122,0.197,,,,,,,,,,,,,,
0129x4,0.143,0.38,0.077,0.736842105263158,0.736842105263158,0.736842105263158,0.344,1.428,0.271,,,,,,,,,,,,,,
0130x4,0.175,0.304,0.165,0.736842105263158,0.736842105263158,0.736842105263158,0.302,1.033,0.203,,,,,,,,,,,,,,
0131x4,0.087,0.298,0.159,0.736842105263158,0.736842105263158,0.736842105263158,0.296,1.037,0.202,,,,,,,,,,,,,,
0132x4,0.15,0.32,0.119,0.736842105263158,0.736842105263158,0.736842105263158,0.281,1.106,0.33,,,,,,,,,,,,,,
0133x4,0.12,0.311,0.132,0.736842105263158,0.736842105263158,0.736842105263158,0.317,1.084,0.231,,,,,,,,,,,,,,
0134x4,0.146,0.32,0.134,0.736842105263158,0.736842105263158,0.736842105263158,0.306,0.979,0.238,,,,,,,,,,,,,,
0135x4,0.165,0.388,0.172,0.736842105263158,0.736842105263158,0.736842105263158,0.378,1.392,0.269,,,,,,,,,,,,,,
0136x4,0.15,0.357,0.128,0.736842105263158,0.736842105263158,0.736842105263158,0.327,1.198,0.223,,,,,,,,,,,,,,
0137x4,0.175,0.422,0.139,0.736842105263158,0.736842105263158,0.736842105263158,0.338,1.445,0.257,,,,,,,,,,,,,,
0138x4,0.169,0.388,0.138,0.736842105263158,0.736842105263158,0.736842105263158,0.335,1.232,0.222,,,,,,,,,,,,,,
0139x4,0.143,0.359,0.21,0.736842105263158,0.736842105263158,0.736842105263158,0.252,0.966,0.108,,,,,,,,,,,,,,
0140x4,0.144,0.36,0.146,0.736842105263158,0.736842105263158,0.736842105263158,0.275,1.217,0.229,,,,,,,,,,,,,,
0141x4,0.15,0.383,0.148,0.736842105263158,0.736842105263158,0.736842105263158,0.308,1.271,0.256,,,,,,,,,,,,,,
0142x4,0.143,0.311,0.183,0.349350300819555,0.736842105263158,0.736842105263158,0.26,0.882,0.183,,,,,,,,,,,,,,
0143x4,0.149,0.417,0.151,0.736842105263158,0.736842105263158,0.736842105263158,0.354,1.423,0.265,,,,,,,,,,,,,,
0144x4,0.353,0.525,0.424,0.736842105263158,0.736842105263158,0.736842105263158,0.353,1.486,0.282,,,,,,,,,,,,,,
0145x4,,0.097,0.153,0.299768797319417,0.736842105263158,0.736842105263158,0.182,0.521,0.136,,,,,,,,,,,,,,
0146x4,0.1,0.282,0.116,0.736842105263158,0.736842105263158,0.736842105263158,0.252,0.94,0.214,,,,,,,,,,,,,,
0147x4,0.132,0.34,0.122,0.736842105263158,0.736842105263158,0.736842105263158,0.342,1.146,0.249,,,,,,,,,,,,,,
0148x4,0.088,0.239,0.123,0.736842105263158,0.736842105263158,0.736842105263158,0.278,0.886,0.189,,,,,,,,,,,,,,
0149x4,0.156,0.352,0.14,0.736842105263158,0.736842105263158,0.736842105263158,0.297,1.059,0.237,,,,,,,,,,,,,,
0150x4,0.13,0.284,0.072,0.736842105263158,0.736842105263158,0.736842105263158,0.325,0.973,0.176,,,,,,,,,,,,,,
0151x4,0.152,0.434,0.16,0.736842105263158,0.736842105263158,0.736842105263158,0.347,1.519,0.229,,,,,,,,,,,,,,
0152x4,0.165,0.367,0.139,0.736842105263158,0.736842105263158,0.736842105263158,0.349,1.293,0.246,,,,,,,,,,,,,,
0153x4,0.15,0.352,0.078,0.736842105263158,0.736842105263158,0.736842105263158,0.333,1.141,0.253,,,,,,,,,,,,,,
0154x4,0.17,0.334,0.146,0.736842105263158,0.736842105263158,0.736842105263158,0.304,1.108,0.204,,,,,,,,,,,,,,
0155x4,0.1,0.294,,0.736842105263158,0.736842105263158,0.736842105263158,0.288,1.06,0.246,,,,,,,,,,,,,,
0156x4,0.091,0.287,,0.736842105263158,0.736842105263158,0.736842105263158,0.322,1.156,0.225,,,,,,,,,,,,,,
0157x4,0.151,0.368,0.152,0.736842105263158,0.736842105263158,0.736842105263158,0.342,1.279,0.236,,,,,,,,,,,,,,
0158x4,0.084,0.266,0.06,0.736842105263158,0.736842105263158,0.736842105263158,0.262,0.971,0.211,,,,,,,,,,,,,,
0159x4,0.094,0.35,0.081,0.736842105263158,0.736842105263158,0.736842105263158,0.315,1.214,0.228,,,,,,,,,,,,,,
0160x4,0.076,0.354,0.067,0.736842105263158,0.736842105263158,0.736842105263158,0.32,1.197,0.16,,,,,,,,,,,,,,
0161x4,0.082,0.286,0.182,0.736842105263158,0.736842105263158,0.736842105263158,0.255,1.02,0.199,,,,,,,,,,,,,,
0162x4,0.176,0.357,0.167,0.736842105263158,0.736842105263158,0.736842105263158,0.326,1.132,0.249,,,,,,,,,,,,,,
0163x4,0.121,0.276,0.106,0.736842105263158,0.736842105263158,0.736842105263158,0.287,0.934,0.193,,,,,,,,,,,,,,
0164x4,0.153,0.387,0.134,0.736842105263158,0.736842105263158,0.736842105263158,0.318,1.295,0.223,,,,,,,,,,,,,,
0165x4,0.2,0.39,0.188,0.736842105263158,0.736842105263158,0.736842105263158,0.341,1.24,0.265,,,,,,,,,,,,,,
0166x4,0.173,0.348,0.207,0.736842105263158,0.736842105263158,0.736842105263158,0.293,1.079,0.205,,,,,,,,,,,,,,
0167x4,0.167,0.31,0.131,0.736842105263158,0.736842105263158,0.736842105263158,0.342,1.02,0.212,,,,,,,,,,,,,,
0168x4,0.121,0.374,0.087,0.736842105263158,0.736842105263158,0.736842105263158,0.312,1.289,0.238,,,,,,,,,,,,,,
0169x4,0.177,0.335,0.124,0.736842105263158,0.736842105263158,0.736842105263158,0.312,1.102,0.215,,,,,,,,,,,,,,
0170x4,,0.259,0.053,0.349656383411105,0.736842105263158,0.736842105263158,0.23,0.803,0.161,,,,,,,,,,,,,,
0171x4,0.227,0.397,0.282,0.736842105263158,0.736842105263158,0.736842105263158,0.283,1.137,0.245,,,,,,,,,,,,,,
0172x4,0.087,0.376,0.321,0.736842105263158,0.736842105263158,0.736842105263158,0.267,1.148,0.218,,,,,,,,,,,,,,
0173x4,0.137,0.329,0.083,0.736842105263158,0.736842105263158,0.736842105263158,0.326,1.169,0.234,,,,,,,,,,,,,,
0174x4,,0.275,,0.736842105263158,0.736842105263158,0.736842105263158,0.298,1.137,0.21,,,,,,,,,,,,,,
0175x4,0.121,0.346,,0.736842105263158,0.736842105263158,0.736842105263158,0.345,1.357,0.177,,,,,,,,,,,,,,
0176x4,0.149,0.347,0.107,0.736842105263158,0.736842105263158,0.736842105263158,0.331,1.14,0.252,,,,,,,,,,,,,,
0177x4,0.191,0.376,0.14,0.736842105263158,0.736842105263158,0.736842105263158,0.332,1.22,0.235,,,,,,,,,,,,,,
0178x4,0.155,0.393,0.209,0.736842105263158,0.736842105263158,0.736842105263158,0.304,1.193,0.237,,,,,,,,,,,,,,
0179x4,0.137,0.373,0.095,0.736842105263158,0.736842105263158,0.736842105263158,0.327,1.216,0.25,,,,,,,,,,,,,,
0180x4,0.167,0.392,0.181,0.736842105263158,0.736842105263158,0.736842105263158,0.315,1.176,0.219,,,,,,,,,,,,,,
0181x4,0.176,0.418,0.225,0.736842105263158,0.736842105263158,0.736842105263158,0.332,1.29,0.277,,,,,,,,,,,,,,
0182x4,0.131,0.284,,0.736842105263158,0.736842105263158,0.736842105263158,0.322,1.155,0.202,,,,,,,,,,,,,,
0183x4,0.173,0.352,0.135,0.736842105263158,0.736842105263158,0.736842105263158,0.319,1.136,0.217,,,,,,,,,,,,,,
0184x4,0.164,0.386,0.1,0.736842105263158,0.736842105263158,0.736842105263158,0.312,1.119,0.264,,,,,,,,,,,,,,
0185x4,0.122,0.343,0.11,0.736842105263158,0.736842105263158,0.736842105263158,0.3,1.162,0.182,,,,,,,,,,,,,,
0186x4,0.138,0.32,0.133,0.736842105263158,0.736842105263158,0.736842105263158,0.305,1.112,0.243,,,,,,,,,,,,,,
0187x4,0.208,0.402,0.264,0.736842105263158,0.736842105263158,0.736842105263158,0.335,1.319,0.229,,,,,,,,,,,,,,
0188x4,0.141,0.396,0.093,0.736842105263158,0.736842105263158,0.736842105263158,0.368,1.365,0.303,,,,,,,,,,,,,,
0189x4,,0.161,0.073,0.375698157487858,0.736842105263158,0.736842105263158,0.239,0.798,0.169,,,,,,,,,,,,,,
0190x4,0.256,0.43,0.312,0.736842105263158,0.736842105263158,0.736842105263158,0.339,1.287,0.249,,,,,,,,,,,,,,
0191x4,0.162,0.405,0.188,0.736842105263158,0.736842105263158,0.736842105263158,0.349,1.36,0.196,,,,,,,,,,,,,,
0192x4,0.236,0.419,0.24,0.736842105263158,0.736842105263158,0.736842105263158,0.291,1.303,0.15,,,,,,,,,,,,,,
0193x4,0.154,0.344,0.169,0.736842105263158,0.736842105263158,0.736842105263158,0.318,1.176,0.224,,,,,,,,,,,,,,
0194x4,0.111,0.364,,0.736842105263158,0.736842105263158,0.736842105263158,0.351,1.275,0.243,,,,,,,,,,,,,,
0195x4,0.116,0.343,0.073,0.736842105263158,0.736842105263158,0.736842105263158,0.318,1.217,0.234,,,,,,,,,,,,,,
0196x4,0.145,0.333,0.116,0.736842105263158,0.736842105263158,0.736842105263158,0.301,1.121,0.211,,,,,,,,,,,,,,
0197x4,0.137,0.374,0.124,0.736842105263158,0.736842105263158,0.736842105263158,0.361,1.42,0.246,,,,,,,,,,,,,,
0198x4,0.192,0.408,0.197,0.736842105263158,0.736842105263158,0.736842105263158,0.311,1.303,0.267,,,,,,,,,,,,,,
0199x4,0.188,0.41,0.189,0.736842105263158,0.736842105263158,0.736842105263158,0.332,1.299,0.274,,,,,,,,,,,,,,
0200x4,0.294,0.46,0.366,0.736842105263158,0.736842105263158,0.736842105263158,0.366,1.397,0.274,,,,,,,,,,,,,,
0201x4,0.121,0.326,0.238,0.736842105263158,0.736842105263158,0.736842105263158,0.263,1.013,0.212,,,,,,,,,,,,,,
0202x4,0.146,0.359,0.148,0.736842105263158,0.736842105263158,0.736842105263158,0.39,1.469,0.311,,,,,,,,,,,,,,
0203x4,0.231,0.431,0.215,0.736842105263158,0.736842105263158,0.736842105263158,0.325,1.257,0.239,,,,,,,,,,,,,,
0204x4,0.159,0.38,0.195,0.736842105263158,0.736842105263158,0.736842105263158,0.283,1.14,0.221,,,,,,,,,,,,,,
0205x4,,0.188,0.143,0.193828213600995,0.736842105263158,0.736842105263158,0.303,0.982,0.168,,,,,,,,,,,,,,
0206x4,0.1,0.276,0.117,0.736842105263158,0.736842105263158,0.736842105263158,0.283,0.939,0.197,,,,,,,,,,,,,,
0207x4,0.094,0.34,0.124,0.736842105263158,0.736842105263158,0.736842105263158,0.348,1.271,0.271,,,,,,,,,,,,,,
0208x4,0.065,0.311,0.052,0.736842105263158,0.736842105263158,0.736842105263158,0.307,1.117,0.234,,,,,,,,,,,,,,
0209x4,0.104,0.305,0.076,0.736842105263158,0.736842105263158,0.736842105263158,0.297,1.105,0.211,,,,,,,,,,,,,,
0210x4,,0.345,,0.736842105263158,0.736842105263158,0.736842105263158,0.336,1.355,0.276,,,,,,,,,,,,,,
0211x4,0.329,0.436,0.253,0.736842105263158,0.736842105263158,0.736842105263158,0.316,1.262,0.229,,,,,,,,,,,,,,
0212x4,0.199,0.427,0.184,0.736842105263158,0.736842105263158,0.736842105263158,0.305,1.254,0.224,,,,,,,,,,,,,,
0213x4,0.124,0.383,0.081,0.736842105263158,0.736842105263158,0.736842105263158,0.339,1.288,0.252,,,,,,,,,,,,,,
0214x4,0.204,0.419,0.26,0.277886555959481,0.736842105263158,0.736842105263158,0.292,1.22,0.212,,,,,,,,,,,,,,
0215x4,0.221,0.433,0.22,0.736842105263158,0.736842105263158,0.736842105263158,0.379,1.351,0.261,,,,,,,,,,,,,,
0216x4,0.208,0.388,0.198,0.736842105263158,0.736842105263158,0.736842105263158,0.317,1.126,0.207,,,,,,,,,,,,,,
0217x4,0.202,0.416,0.194,0.736842105263158,0.736842105263158,0.736842105263158,0.353,1.201,0.286,,,,,,,,,,,,,,
0218x4,0.124,0.315,0.186,0.3273246168135,0.736842105263158,0.736842105263158,0.274,1.003,0.252,,,,,,,,,,,,,,
0219x4,0.122,0.343,0.071,0.736842105263158,0.736842105263158,0.736842105263158,0.339,1.257,0.235,,,,,,,,,,,,,,
0220x4,0.118,0.359,0.1,0.736842105263158,0.736842105263158,0.736842105263158,0.299,1.168,0.221,,,,,,,,,,,,,,
0221x4,0.166,0.41,0.203,0.736842105263158,0.736842105263158,0.736842105263158,0.326,1.322,0.233,,,,,,,,,,,,,,
0222x4,0.101,0.325,0.076,0.736842105263158,0.736842105263158,0.736842105263158,0.32,1.155,0.176,,,,,,,,,,,,,,
0223x4,0.168,0.345,0.153,0.736842105263158,0.736842105263158,0.736842105263158,0.354,1.277,0.251,,,,,,,,,,,,,,
0224x4,0.122,0.339,0.054,0.736842105263158,0.736842105263158,0.736842105263158,0.33,1.216,0.222,,,,,,,,,,,,,,
0225x4,0.195,0.426,0.197,0.736842105263158,0.736842105263158,0.736842105263158,0.324,1.295,0.239,,,,,,,,,,,,,,
0226x4,0.197,0.365,0.186,0.288298152239153,0.736842105263158,0.736842105263158,0.304,1.092,0.212,,,,,,,,,,,,,,
0227x4,0.069,0.268,,0.736842105263158,0.736842105263158,0.736842105263158,0.316,1.042,0.209,,,,,,,,,,,,,,
0228x4,0.14,0.379,0.127,0.736842105263158,0.736842105263158,0.736842105263158,0.311,1.237,0.224,,,,,,,,,,,,,,
0229x4,0.08,0.271,0.111,0.736842105263158,0.736842105263158,0.736842105263158,0.293,1.049,0.197,,,,,,,,,,,,,,
0230x4,0.129,0.378,0.111,0.736842105263158,0.736842105263158,0.736842105263158,0.362,1.39,0.255,,,,,,,,,,,,,,
0231x4,0.2,0.455,0.172,0.736842105263158,0.736842105263158,0.736842105263158,0.34,1.513,0.193,,,,,,,,,,,,,,
0232x4,0.132,0.354,0.161,0.736842105263158,0.736842105263158,0.736842105263158,0.279,1.101,0.232,,,,,,,,,,,,,,
0233x4,0.103,0.296,0.101,0.736842105263158,0.736842105263158,0.736842105263158,0.312,1.154,0.221,,,,,,,,,,,,,,
0234x4,0.124,0.279,0.126,0.736842105263158,0.736842105263158,0.736842105263158,0.306,1.008,0.247,,,,,,,,,,,,,,
0235x4,0.112,0.26,0.087,0.736842105263158,0.736842105263158,0.736842105263158,0.289,1.075,0.201,,,,,,,,,,,,,,
0236x4,0.263,0.391,0.21,0.736842105263158,0.736842105263158,0.736842105263158,0.304,1.083,0.215,,,,,,,,,,,,,,
0237x4,,0.201,,0.736842105263158,0.736842105263158,0.736842105263158,0.26,0.796,0.141,,,,,,,,,,,,,,
0238x4,0.154,0.364,0.103,0.736842105263158,0.736842105263158,0.736842105263158,0.311,1.148,0.208,,,,,,,,,,,,,,
0239x4,0.165,0.385,0.154,0.736842105263158,0.736842105263158,0.736842105263158,0.317,1.231,0.191,,,,,,,,,,,,,,
0240x4,0.143,0.358,0.114,0.736842105263158,0.736842105263158,0.736842105263158,0.281,1.076,0.202,,,,,,,,,,,,,,
0241x4,0.094,0.349,0.078,0.736842105263158,0.736842105263158,0.736842105263158,0.337,1.319,0.252,,,,,,,,,,,,,,
0242x4,0.251,0.454,0.295,0.736842105263158,0.736842105263158,0.736842105263158,0.318,1.26,0.281,,,,,,,,,,,,,,
0243x4,,0.201,0.176,0.182260074786202,,0.736842105263158,0.2,0.79,0.159,,,,,,,,,,,,,,
0244x4,0.167,0.326,0.142,0.736842105263158,0.736842105263158,0.736842105263158,0.31,0.998,0.215,,,,,,,,,,,,,,
0245x4,0.188,0.356,0.172,0.736842105263158,0.736842105263158,0.736842105263158,0.322,1.095,0.223,,,,,,,,,,,,,,
0246x4,0.123,0.261,0.106,0.736842105263158,0.736842105263158,0.736842105263158,0.272,0.828,0.185,,,,,,,,,,,,,,
0247x4,0.122,0.344,0.182,0.736842105263158,0.736842105263158,0.736842105263158,0.289,1.057,0.213,,,,,,,,,,,,,,
0248x4,0.147,0.299,0.142,0.736842105263158,0.736842105263158,0.736842105263158,0.328,1.149,0.235,,,,,,,,,,,,,,
0249x4,0.082,0.33,0.118,0.736842105263158,0.736842105263158,0.736842105263158,0.304,1.278,0.217,,,,,,,,,,,,,,
0250x4,0.123,0.372,0.095,0.736842105263158,0.736842105263158,0.736842105263158,0.308,1.25,0.251,,,,,,,,,,,,,,
0251x4,0.111,0.315,0.073,0.736842105263158,0.736842105263158,0.736842105263158,0.324,1.15,0.222,,,,,,,,,,,,,,
0252x4,0.135,0.358,0.167,0.736842105263158,0.736842105263158,0.736842105263158,0.317,1.141,0.232,,,,,,,,,,,,,,
0253x4,0.108,0.339,,0.736842105263158,0.736842105263158,0.736842105263158,0.319,1.205,0.234,,,,,,,,,,,,,,
0254x4,0.192,0.384,0.125,0.736842105263158,0.736842105263158,0.736842105263158,0.335,1.192,0.268,,,,,,,,,,,,,,
0255x4,0.155,0.31,0.092,0.736842105263158,0.736842105263158,0.736842105263158,0.322,1.145,0.235,,,,,,,,,,,,,,
0256x4,0.16,0.321,0.109,0.736842105263158,0.736842105263158,0.736842105263158,0.314,1.05,0.2,,,,,,,,,,,,,,
0257x4,0.166,0.332,0.248,0.327723179123267,0.736842105263158,0.736842105263158,0.245,0.843,0.226,,,,,,,,,,,,,,
0258x4,0.078,0.34,0.076,0.736842105263158,0.736842105263158,0.736842105263158,0.308,1.292,0.261,,,,,,,,,,,,,,
0259x4,0.124,0.355,0.148,0.736842105263158,0.736842105263158,0.736842105263158,0.322,1.142,0.23,,,,,,,,,,,,,,
0260x4,0.13,0.36,0.078,0.736842105263158,0.736842105263158,0.736842105263158,0.323,1.238,0.235,,,,,,,,,,,,,,
0261x4,0.186,0.346,0.136,0.736842105263158,0.736842105263158,0.736842105263158,0.305,1.097,0.233,,,,,,,,,,,,,,
0262x4,0.054,0.326,0.169,0.736842105263158,0.736842105263158,0.736842105263158,0.3,1.108,0.223,,,,,,,,,,,,,,
0263x4,0.158,0.366,0.137,0.736842105263158,0.736842105263158,0.736842105263158,0.343,1.197,0.249,,,,,,,,,,,,,,
0264x4,0.158,0.286,0.164,0.736842105263158,0.736842105263158,0.736842105263158,0.293,1.025,0.226,,,,,,,,,,,,,,
0265x4,0.103,0.298,0.085,0.736842105263158,0.736842105263158,0.736842105263158,0.273,1.015,0.169,,,,,,,,,,,,,,
0266x4,0.157,0.357,0.137,0.736842105263158,0.736842105263158,0.736842105263158,0.277,1.178,0.262,,,,,,,,,,,,,,
0267x4,0.143,0.355,0.153,0.736842105263158,0.736842105263158,0.736842105263158,0.33,1.138,0.246,,,,,,,,,,,,,,
0268x4,0.14,0.405,0.129,0.736842105263158,0.736842105263158,0.736842105263158,0.34,1.299,0.244,,,,,,,,,,,,,,
0269x4,0.144,0.371,0.118,0.736842105263158,0.736842105263158,0.736842105263158,0.322,1.18,0.251,,,,,,,,,,,,,,
0270x4,0.115,0.288,0.115,0.736842105263158,0.736842105263158,0.736842105263158,0.28,1.213,0.217,,,,,,,,,,,,,,
0271x4,0.129,0.338,0.118,0.360269094724962,0.736842105263158,0.736842105263158,0.277,0.964,0.184,,,,,,,,,,,,,,
0272x4,0.074,0.265,,0.736842105263158,0.736842105263158,0.736842105263158,0.307,1.081,0.195,,,,,,,,,,,,,,
0273x4,0.246,0.374,0.235,0.736842105263158,0.736842105263158,0.736842105263158,0.348,1.291,0.186,,,,,,,,,,,,,,
0274x4,0.184,0.392,0.169,0.736842105263158,0.736842105263158,0.736842105263158,0.325,1.235,0.23,,,,,,,,,,,,,,
0275x4,0.174,0.308,0.168,0.736842105263158,0.736842105263158,0.736842105263158,0.287,1.024,0.21,,,,,,,,,,,,,,
0276x4,0.116,0.333,0.097,0.736842105263158,0.736842105263158,0.736842105263158,0.33,1.209,0.243,,,,,,,,,,,,,,
0277x4,0.119,0.332,0.106,0.736842105263158,0.736842105263158,0.736842105263158,0.326,1.192,0.248,,,,,,,,,,,,,,
0278x4,0.146,0.335,0.112,0.736842105263158,0.736842105263158,0.736842105263158,0.333,1.114,0.198,,,,,,,,,,,,,,
0279x4,0.115,0.361,0.06,0.736842105263158,0.736842105263158,0.736842105263158,0.338,1.308,0.253,,,,,,,,,,,,,,
0280x4,0.121,0.345,0.162,0.736842105263158,0.736842105263158,0.736842105263158,0.311,1.215,0.195,,,,,,,,,,,,,,
0281x4,0.262,0.371,0.228,0.199710219120806,,0.736842105263158,0.233,0.936,0.144,,,,,,,,,,,,,,
0282x4,0.194,0.367,0.21,0.736842105263158,0.736842105263158,0.736842105263158,0.327,1.298,0.252,,,,,,,,,,,,,,
0283x4,0.117,0.328,0.13,0.736842105263158,0.736842105263158,0.736842105263158,0.265,1.076,0.239,,,,,,,,,,,,,,
0284x4,0.176,0.385,0.12,0.736842105263158,0.736842105263158,0.736842105263158,0.365,1.326,0.262,,,,,,,,,,,,,,
0285x4,0.114,0.316,0.051,0.736842105263158,0.736842105263158,0.736842105263158,0.361,1.132,0.218,,,,,,,,,,,,,,
0286x4,0.205,0.354,0.217,0.301302887718576,0.736842105263158,0.736842105263158,0.278,0.991,0.205,,,,,,,,,,,,,,
0287x4,0.057,0.262,0.112,0.736842105263158,0.736842105263158,0.736842105263158,0.274,0.968,0.194,,,,,,,,,,,,,,
0288x4,0.096,0.358,0.148,0.736842105263158,0.736842105263158,0.736842105263158,0.295,1.318,0.191,,,,,,,,,,,,,,
0289x4,0.103,0.28,0.052,0.736842105263158,0.736842105263158,0.736842105263158,0.29,0.933,0.187,,,,,,,,,,,,,,
0290x4,0.151,0.364,0.209,0.736842105263158,0.736842105263158,0.736842105263158,0.311,1.221,0.251,,,,,,,,,,,,,,
0291x4,0.257,0.521,0.116,0.736842105263158,0.736842105263158,0.736842105263158,0.333,1.401,0.203,,,,,,,,,,,,,,
0292x4,,0.274,0.109,0.736842105263158,0.736842105263158,0.736842105263158,0.288,0.933,0.205,,,,,,,,,,,,,,
0293x4,0.113,0.277,0.113,0.343823958103721,0.736842105263158,0.736842105263158,0.258,0.958,0.148,,,,,,,,,,,,,,
0294x4,0.132,0.342,0.096,0.736842105263158,0.736842105263158,0.736842105263158,0.303,1.13,0.195,,,,,,,,,,,,,,
0295x4,0.134,0.541,0.448,0.736842105263158,0.736842105263158,0.736842105263158,0.333,1.465,0.355,,,,,,,,,,,,,,
0296x4,0.141,0.337,0.133,0.736842105263158,0.736842105263158,0.736842105263158,0.286,1.178,0.191,,,,,,,,,,,,,,
0297x4,0.168,0.42,0.109,0.736842105263158,0.736842105263158,0.736842105263158,0.326,1.218,0.205,,,,,,,,,,,,,,
0298x4,0.182,0.409,0.159,0.736842105263158,0.736842105263158,0.736842105263158,0.356,1.353,0.195,,,,,,,,,,,,,,
0299x4,,0.24,,0.295956015597763,0.736842105263158,0.736842105263158,0.245,0.943,0.158,,,,,,,,,,,,,,
0300x4,0.198,0.342,0.202,0.736842105263158,0.736842105263158,0.736842105263158,0.271,0.933,0.201,,,,,,,,,,,,,,
0301x4,,0.307,0.084,0.736842105263158,0.736842105263158,0.736842105263158,0.331,1.244,0.238,,,,,,,,,,,,,,
0302x4,0.154,0.415,0.088,0.736842105263158,0.736842105263158,0.736842105263158,0.328,1.441,0.267,,,,,,,,,,,,,,
0303x4,0.172,0.386,0.204,0.736842105263158,0.736842105263158,0.736842105263158,0.283,1.187,0.215,,,,,,,,,,,,,,
0304x4,0.214,0.426,0.225,0.736842105263158,0.736842105263158,0.736842105263158,0.365,1.496,0.291,,,,,,,,,,,,,,
0305x4,0.17,0.377,0.221,0.326316500760751,0.736842105263158,0.736842105263158,0.253,1.061,0.218,,,,,,,,,,,,,,
0306x4,,0.206,0.052,0.736842105263158,0.736842105263158,0.736842105263158,0.285,1.018,0.179,,,,,,,,,,,,,,
0307x4,0.159,0.365,0.184,0.736842105263158,0.736842105263158,0.736842105263158,0.361,1.293,0.262,,,,,,,,,,,,,,
0308x4,0.151,0.378,,0.736842105263158,0.736842105263158,0.736842105263158,0.333,1.377,0.307,,,,,,,,,,,,,,
0309x4,0.12,0.273,0.115,0.736842105263158,0.736842105263158,0.736842105263158,0.276,0.954,0.193,,,,,,,,,,,,,,
0310x4,0.186,0.392,0.175,0.736842105263158,0.736842105263158,0.736842105263158,0.359,1.388,0.256,,,,,,,,,,,,,,
0311x4,0.218,0.329,0.237,0.303039585678424,0.736842105263158,0.736842105263158,0.222,0.904,0.152,,,,,,,,,,,,,,
0312x4,0.123,0.326,0.11,0.736842105263158,0.736842105263158,0.736842105263158,0.305,1.057,0.221,,,,,,,,,,,,,,
0313x4,0.147,0.283,0.148,0.268812512785868,0.736842105263158,0.736842105263158,0.218,0.83,0.157,,,,,,,,,,,,,,
0314x4,,0.305,,0.736842105263158,0.736842105263158,0.736842105263158,0.315,1.112,0.225,,,,,,,,,,,,,,
0315x4,0.157,0.335,0.143,0.736842105263158,0.736842105263158,0.736842105263158,0.283,1.13,0.223,,,,,,,,,,,,,,
0316x4,0.128,0.412,0.054,0.736842105263158,0.736842105263158,0.736842105263158,0.326,1.503,0.276,,,,,,,,,,,,,,
0317x4,0.131,0.314,0.174,0.736842105263158,0.736842105263158,0.736842105263158,0.333,1.018,0.224,,,,,,,,,,,,,,
0318x4,0.153,0.383,0.144,0.736842105263158,0.736842105263158,0.736842105263158,0.332,1.189,0.204,,,,,,,,,,,,,,
0319x4,0.156,0.331,0.164,0.736842105263158,0.736842105263158,0.736842105263158,0.299,1.074,0.213,,,,,,,,,,,,,,
0320x4,,0.218,,0.736842105263158,0.736842105263158,0.736842105263158,0.33,1.33,0.287,,,,,,,,,,,,,,
0321x4,0.164,0.377,0.058,0.736842105263158,0.736842105263158,0.736842105263158,0.338,1.314,0.262,,,,,,,,,,,,,,
0322x4,0.164,0.404,0.142,0.736842105263158,0.736842105263158,0.736842105263158,0.35,1.317,0.289,,,,,,,,,,,,,,
0323x4,0.062,0.339,,0.736842105263158,0.736842105263158,0.736842105263158,0.38,1.354,0.444,,,,,,,,,,,,,,
0324x4,0.171,0.369,0.136,0.736842105263158,0.736842105263158,0.736842105263158,0.348,1.178,0.183,,,,,,,,,,,,,,
0325x4,0.197,0.326,0.189,0.341815766968443,0.736842105263158,0.736842105263158,0.251,0.882,0.186,,,,,,,,,,,,,,
0326x4,0.189,0.38,0.167,0.736842105263158,0.736842105263158,0.736842105263158,0.322,1.211,0.224,,,,,,,,,,,,,,
0327x4,0.159,0.318,0.122,0.736842105263158,0.736842105263158,0.736842105263158,0.282,1.065,0.183,,,,,,,,,,,,,,
0328x4,0.082,0.299,0.11,0.736842105263158,0.736842105263158,0.736842105263158,0.306,1.12,0.219,,,,,,,,,,,,,,
0329x4,0.21,0.35,0.225,0.736842105263158,0.736842105263158,0.736842105263158,0.327,1.053,0.2,,,,,,,,,,,,,,
0330x4,0.156,0.349,0.198,0.736842105263158,0.736842105263158,0.736842105263158,0.307,1.256,0.18,,,,,,,,,,,,,,
0331x4,0.213,0.39,0.259,0.736842105263158,0.736842105263158,0.736842105263158,0.351,1.163,0.251,,,,,,,,,,,,,,
0332x4,0.112,0.321,0.152,0.736842105263158,0.736842105263158,0.736842105263158,0.258,1.224,0.177,,,,,,,,,,,,,,
0333x4,0.2,0.45,0.162,0.736842105263158,0.736842105263158,0.736842105263158,0.336,1.457,0.256,,,,,,,,,,,,,,
0334x4,0.222,0.407,0.197,0.736842105263158,0.736842105263158,0.736842105263158,0.32,1.283,0.217,,,,,,,,,,,,,,
0335x4,0.11,0.238,0.094,0.736842105263158,0.736842105263158,0.736842105263158,0.322,1.027,0.196,,,,,,,,,,,,,,
0336x4,0.104,0.315,0.1,0.736842105263158,0.736842105263158,0.736842105263158,0.307,1.172,0.193,,,,,,,,,,,,,,
0337x4,0.146,0.379,0.133,0.736842105263158,0.736842105263158,0.736842105263158,0.358,1.086,0.275,,,,,,,,,,,,,,
0338x4,0.162,0.377,0.131,0.736842105263158,0.736842105263158,0.736842105263158,0.332,1.18,0.241,,,,,,,,,,,,,,
0339x4,0.2,0.439,0.186,0.736842105263158,0.736842105263158,0.736842105263158,0.352,1.403,0.28,,,,,,,,,,,,,,
0340x4,,0.164,,0.328879964165824,0.736842105263158,0.736842105263158,0.203,0.624,0.133,,,,,,,,,,,,,,
0341x4,0.181,0.309,0.231,0.736842105263158,0.736842105263158,0.736842105263158,0.295,0.966,0.194,,,,,,,,,,,,,,
0342x4,0.115,0.351,0.065,0.736842105263158,0.736842105263158,0.736842105263158,0.317,1.125,0.209,,,,,,,,,,,,,,
0343x4,0.162,0.321,0.203,0.296164229045754,0.736842105263158,0.736842105263158,0.232,0.992,0.194,,,,,,,,,,,,,,
0344x4,0.121,0.273,0.135,0.736842105263158,0.736842105263158,0.736842105263158,0.297,0.962,0.176,,,,,,,,,,,,,,
0345x4,0.099,0.371,0.071,0.736842105263158,0.736842105263158,0.736842105263158,0.328,1.264,0.24,,,,,,,,,,,,,,
0346x4,0.145,0.309,0.153,0.736842105263158,0.736842105263158,0.736842105263158,0.29,1.023,0.226,,,,,,,,,,,,,,
0347x4,0.18,0.363,0.118,0.736842105263158,0.736842105263158,0.736842105263158,0.313,1.152,0.254,,,,,,,,,,,,,,
0348x4,0.125,0.252,0.084,0.736842105263158,0.736842105263158,0.736842105263158,0.249,0.861,0.146,,,,,,,,,,,,,,
0349x4,0.114,0.279,0.125,0.736842105263158,0.736842105263158,0.736842105263158,0.244,1.003,0.166,,,,,,,,,,,,,,
0350x4,0.158,0.279,0.128,0.276946972550602,0.736842105263158,,0.271,0.842,0.129,,,,,,,,,,,,,,
0351x4,0.129,0.347,0.1,0.736842105263158,0.736842105263158,0.736842105263158,0.337,1.175,0.245,,,,,,,,,,,,,,
0352x4,0.105,0.268,0.072,0.736842105263158,0.736842105263158,0.736842105263158,0.276,0.98,0.16,,,,,,,,,,,,,,
0353x4,0.215,0.454,0.213,0.736842105263158,0.736842105263158,0.736842105263158,0.374,1.385,0.274,,,,,,,,,,,,,,
0354x4,0.156,0.38,0.119,0.736842105263158,0.736842105263158,0.736842105263158,0.331,1.295,0.256,,,,,,,,,,,,,,
0355x4,0.173,0.322,0.125,0.736842105263158,0.736842105263158,0.736842105263158,0.329,1.108,0.231,,,,,,,,,,,,,,
0356x4,,0.233,0.063,0.736842105263158,0.736842105263158,0.736842105263158,0.28,0.959,0.212,,,,,,,,,,,,,,
0357x4,0.117,0.355,0.342,0.736842105263158,0.736842105263158,0.736842105263158,0.262,0.872,0.138,,,,,,,,,,,,,,
0358x4,0.162,0.359,0.115,0.736842105263158,0.736842105263158,0.736842105263158,0.316,1.158,0.22,,,,,,,,,,,,,,
0359x4,0.177,0.374,0.175,0.736842105263158,0.736842105263158,0.736842105263158,0.337,1.25,0.249,,,,,,,,,,,,,,
0360x4,0.2,0.434,0.177,0.736842105263158,0.736842105263158,0.736842105263158,0.312,1.202,0.271,,,,,,,,,,,,,,
0361x4,0.127,0.337,0.135,0.736842105263158,0.736842105263158,0.736842105263158,0.316,1.155,0.21,,,,,,,,,,,,,,
0362x4,0.147,0.42,0.138,0.736842105263158,0.736842105263158,0.736842105263158,0.327,1.265,0.266,,,,,,,,,,,,,,
0363x4,,0.27,,0.736842105263158,0.736842105263158,0.736842105263158,0.276,0.993,0.199,,,,,,,,,,,,,,
0364x4,0.119,0.342,0.073,0.736842105263158,0.736842105263158,0.736842105263158,0.317,1.161,0.229,,,,,,,,,,,,,,
0365x4,0.146,0.263,0.106,0.736842105263158,0.736842105263158,0.736842105263158,0.279,0.983,0.2,,,,,,,,,,,,,,
0366x4,0.16,0.322,0.174,0.736842105263158,0.736842105263158,0.736842105263158,0.293,1.082,0.203,,,,,,,,,,,,,,
0367x4,0.127,0.32,0.191,0.736842105263158,0.736842105263158,0.736842105263158,0.318,1.05,0.177,,,,,,,,,,,,,,
0368x4,0.194,0.358,0.145,0.736842105263158,0.736842105263158,0.736842105263158,0.321,1.157,0.218,,,,,,,,,,,,,,
0369x4,0.133,0.337,0.099,0.736842105263158,0.736842105263158,0.736842105263158,0.323,1.219,0.234,,,,,,,,,,,,,,
0370x4,0.234,0.389,0.195,0.736842105263158,0.736842105263158,0.736842105263158,0.249,1.156,0.154,,,,,,,,,,,,,,
0371x4,0.159,0.331,0.156,0.736842105263158,0.736842105263158,0.736842105263158,0.303,1.088,0.213,,,,,,,,,,,,,,
0372x4,0.184,0.353,0.239,0.736842105263158,0.736842105263158,0.736842105263158,0.307,1.215,0.137,,,,,,,,,,,,,,
0373x4,0.058,0.288,,0.736842105263158,0.736842105263158,0.736842105263158,0.301,1.011,0.216,,,,,,,,,,,,,,
0374x4,0.113,0.325,0.085,0.736842105263158,0.736842105263158,0.736842105263158,0.334,1.048,0.246,,,,,,,,,,,,,,
0375x4,0.141,0.262,0.139,0.736842105263158,0.736842105263158,0.736842105263158,0.278,0.796,0.168,,,,,,,,,,,,,,
0376x4,0.202,0.37,0.139,0.736842105263158,0.736842105263158,0.736842105263158,0.318,1.263,0.25,,,,,,,,,,,,,,
0377x4,0.151,0.371,0.241,0.736842105263158,0.736842105263158,0.736842105263158,0.308,1.294,0.316,,,,,,,,,,,,,,
0378x4,0.222,0.431,0.261,0.736842105263158,0.736842105263158,0.736842105263158,0.34,1.319,0.287,,,,,,,,,,,,,,
0379x4,0.089,0.258,0.091,0.736842105263158,0.736842105263158,0.736842105263158,0.294,1.013,0.2,,,,,,,,,,,,,,
0380x4,0.16,0.398,0.12,0.736842105263158,0.736842105263158,0.736842105263158,0.329,1.312,0.234,,,,,,,,,,,,,,
0381x4,0.164,0.289,0.148,0.736842105263158,0.736842105263158,0.736842105263158,0.27,0.942,0.189,,,,,,,,,,,,,,
0382x4,0.119,0.325,0.087,0.736842105263158,0.736842105263158,0.736842105263158,0.249,1.006,0.153,,,,,,,,,,,,,,
0383x4,0.147,0.345,0.152,0.736842105263158,0.736842105263158,0.736842105263158,0.29,1.082,0.218,,,,,,,,,,,,,,
0384x4,0.135,0.331,0.086,0.736842105263158,0.736842105263158,0.736842105263158,0.294,1.129,0.184,,,,,,,,,,,,,,
0385x4,0.09,0.274,,0.736842105263158,0.736842105263158,0.736842105263158,0.266,0.931,0.186,,,,,,,,,,,,,,
0386x4,0.079,0.281,0.097,0.736842105263158,0.736842105263158,0.736842105263158,0.299,1.038,0.232,,,,,,,,,,,,,,
0387x4,0.18,0.299,0.154,0.736842105263158,0.736842105263158,0.736842105263158,0.25,0.959,0.155,,,,,,,,,,,,,,
0388x4,0.108,0.339,0.116,0.736842105263158,0.736842105263158,0.736842105263158,0.318,1.162,0.22,,,,,,,,,,,,,,
0389x4,0.16,0.353,0.138,0.736842105263158,0.736842105263158,0.736842105263158,0.334,1.277,0.22,,,,,,,,,,,,,,
0390x4,0.097,0.294,0.084,0.736842105263158,0.736842105263158,0.736842105263158,0.269,0.868,0.17,,,,,,,,,,,,,,
0391x4,0.233,0.473,0.233,0.736842105263158,0.736842105263158,0.736842105263158,0.359,1.457,0.267,,,,,,,,,,,,,,
0392x4,0.09,0.372,,0.736842105263158,0.736842105263158,0.736842105263158,0.372,1.547,0.237,,,,,,,,,,,,,,
0393x4,0.176,0.335,0.162,0.736842105263158,0.736842105263158,0.736842105263158,0.328,1.073,0.242,,,,,,,,,,,,,,
0394x4,0.185,0.375,0.216,0.736842105263158,0.736842105263158,0.736842105263158,0.315,1.134,0.218,,,,,,,,,,,,,,
0395x4,0.191,0.378,0.254,0.736842105263158,0.736842105263158,0.736842105263158,0.322,1.315,0.244,,,,,,,,,,,,,,
0396x4,0.223,0.338,0.205,0.736842105263158,0.736842105263158,0.736842105263158,0.32,1.061,0.214,,,,,,,,,,,,,,
0397x4,,0.265,0.177,0.736842105263158,0.736842105263158,0.736842105263158,0.266,0.994,0.188,,,,,,,,,,,,,,
0398x4,0.098,0.287,0.15,0.33386195787356,0.736842105263158,0.736842105263158,0.267,1.017,0.232,,,,,,,,,,,,,,
0399x4,0.083,0.267,,0.33542120486972,0.736842105263158,0.736842105263158,0.282,0.887,0.183,,,,,,,,,,,,,,
0400x4,0.178,0.409,0.182,0.736842105263158,0.736842105263158,0.736842105263158,0.32,1.358,0.259,,,,,,,,,,,,,,
0401x4,0.134,0.293,0.071,0.736842105263158,0.736842105263158,0.736842105263158,0.305,0.975,0.204,,,,,,,,,,,,,,
0402x4,0.173,0.381,0.178,0.736842105263158,0.736842105263158,0.736842105263158,0.316,1.307,0.242,,,,,,,,,,,,,,
0403x4,0.125,0.373,0.167,0.736842105263158,0.736842105263158,0.736842105263158,0.354,1.152,0.242,,,,,,,,,,,,,,
0404x4,0.156,0.398,0.128,0.736842105263158,0.736842105263158,0.736842105263158,0.331,1.231,0.275,,,,,,,,,,,,,,
0405x4,0.164,0.384,0.126,0.736842105263158,0.736842105263158,0.736842105263158,0.346,1.281,0.267,,,,,,,,,,,,,,
0406x4,0.18,0.376,0.129,0.736842105263158,0.736842105263158,0.736842105263158,0.322,1.128,0.231,,,,,,,,,,,,,,
0407x4,0.152,0.4,0.155,0.736842105263158,0.736842105263158,0.736842105263158,0.331,1.248,0.249,,,,,,,,,,,,,,
0408x4,0.231,0.465,0.294,0.736842105263158,0.736842105263158,0.736842105263158,0.347,1.381,0.224,,,,,,,,,,,,,,
0409x4,0.23,0.405,0.183,0.736842105263158,0.736842105263158,0.736842105263158,0.383,1.36,0.229,,,,,,,,,,,,,,
0410x4,0.17,0.323,0.136,0.736842105263158,0.736842105263158,0.736842105263158,0.34,1.068,0.235,,,,,,,,,,,,,,
0411x4,0.194,0.35,0.197,0.736842105263158,0.736842105263158,0.736842105263158,0.247,1.032,0.208,,,,,,,,,,,,,,
0412x4,0.149,0.421,0.115,0.736842105263158,0.736842105263158,0.736842105263158,0.322,1.329,0.204,,,,,,,,,,,,,,
0413x4,0.12,0.307,0.12,0.311367164016089,0.736842105263158,0.736842105263158,0.255,0.958,0.191,,,,,,,,,,,,,,
0414x4,0.167,0.383,0.111,0.736842105263158,0.736842105263158,0.736842105263158,0.34,1.115,0.241,,,,,,,,,,,,,,
0415x4,0.13,0.337,0.099,0.736842105263158,0.736842105263158,0.736842105263158,0.326,1.142,0.251,,,,,,,,,,,,,,
0416x4,0.195,0.414,0.206,0.736842105263158,0.736842105263158,0.736842105263158,0.341,1.25,0.237,,,,,,,,,,,,,,
0417x4,0.136,0.391,0.165,0.736842105263158,0.736842105263158,0.736842105263158,0.31,1.255,0.208,,,,,,,,,,,,,,
0418x4,0.185,0.372,0.118,0.736842105263158,0.736842105263158,0.736842105263158,0.329,1.256,0.207,,,,,,,,,,,,,,
0419x4,0.165,0.446,0.139,0.736842105263158,0.736842105263158,0.736842105263158,0.35,1.31,0.272,,,,,,,,,,,,,,
0420x4,0.144,0.389,0.076,0.736842105263158,0.736842105263158,0.736842105263158,0.342,1.229,0.218,,,,,,,,,,,,,,
0421x4,0.166,0.355,0.09,0.736842105263158,0.736842105263158,0.736842105263158,0.328,1.159,0.216,,,,,,,,,,,,,,
0422x4,0.122,0.329,0.072,0.736842105263158,0.736842105263158,0.736842105263158,0.321,1.11,0.258,,,,,,,,,,,,,,
0423x4,0.116,0.353,0.07,0.736842105263158,0.736842105263158,0.736842105263158,0.309,1.228,0.184,,,,,,,,,,,,,,
0424x4,0.206,0.396,0.158,0.736842105263158,0.736842105263158,0.736842105263158,0.332,1.231,0.239,,,,,,,,,,,,,,
0425x4,0.134,0.357,0.096,0.736842105263158,0.736842105263158,0.736842105263158,0.301,1.221,0.262,,,,,,,,,,,,,,
0426x4,0.055,0.297,0.183,0.736842105263158,0.736842105263158,0.736842105263158,0.282,1.05,0.187,,,,,,,,,,,,,,
0427x4,0.177,0.339,0.158,0.736842105263158,0.736842105263158,0.736842105263158,0.289,1.142,0.219,,,,,,,,,,,,,,
0428x4,0.177,0.373,0.165,0.736842105263158,0.736842105263158,0.736842105263158,0.319,1.156,0.245,,,,,,,,,,,,,,
0429x4,0.12,0.369,0.064,0.736842105263158,0.736842105263158,0.736842105263158,0.322,1.314,0.241,,,,,,,,,,,,,,
0430x4,0.146,0.399,0.165,0.736842105263158,0.736842105263158,0.736842105263158,0.355,1.357,0.267,,,,,,,,,,,,,,
0431x4,,0.369,0.085,0.736842105263158,0.736842105263158,0.736842105263158,0.362,1.305,0.241,,,,,,,,,,,,,,
0432x4,0.196,0.402,0.186,0.736842105263158,0.736842105263158,0.736842105263158,0.327,1.293,0.233,,,,,,,,,,,,,,
0433x4,0.13,0.329,0.163,0.736842105263158,0.736842105263158,0.736842105263158,0.315,1.108,0.234,,,,,,,,,,,,,,
0434x4,0.063,0.37,0.123,0.736842105263158,0.736842105263158,0.736842105263158,0.261,1.217,0.192,,,,,,,,,,,,,,
0435x4,0.17,0.365,0.197,0.736842105263158,0.736842105263158,0.736842105263158,0.34,1.189,0.233,,,,,,,,,,,,,,
0436x4,0.185,0.394,0.136,0.736842105263158,0.736842105263158,0.736842105263158,0.338,1.259,0.236,,,,,,,,,,,,,,
0437x4,0.125,0.199,0.122,0.353937191296821,0.736842105263158,0.736842105263158,0.243,0.712,0.128,,,,,,,,,,,,,,
0438x4,0.163,0.421,0.186,0.736842105263158,0.736842105263158,0.736842105263158,0.291,1.273,0.238,,,,,,,,,,,,,,
0439x4,,0.372,0.188,0.736842105263158,0.736842105263158,0.736842105263158,0.307,1.215,0.211,,,,,,,,,,,,,,
0440x4,0.158,0.383,0.201,0.736842105263158,0.736842105263158,0.736842105263158,0.391,1.318,0.27,,,,,,,,,,,,,,
0441x4,0.195,0.372,0.181,0.736842105263158,0.736842105263158,0.736842105263158,0.344,1.22,0.202,,,,,,,,,,,,,,
0442x4,0.16,0.381,0.136,0.736842105263158,0.736842105263158,0.736842105263158,0.316,1.265,0.251,,,,,,,,,,,,,,
0443x4,0.134,0.408,0.101,0.736842105263158,0.736842105263158,0.736842105263158,0.344,1.35,0.235,,,,,,,,,,,,,,
0444x4,0.108,0.401,0.087,0.736842105263158,0.736842105263158,0.736842105263158,0.347,1.444,0.294,,,,,,,,,,,,,,
0445x4,0.189,0.403,0.17,0.736842105263158,0.736842105263158,0.736842105263158,0.347,1.342,0.247,,,,,,,,,,,,,,
0446x4,0.127,0.329,0.126,0.736842105263158,0.736842105263158,0.736842105263158,0.324,1.169,0.236,,,,,,,,,,,,,,
0447x4,0.092,0.302,0.064,0.736842105263158,0.736842105263158,0.736842105263158,0.295,0.98,0.219,,,,,,,,,,,,,,
0448x4,0.159,0.403,0.16,0.736842105263158,0.736842105263158,0.736842105263158,0.341,1.257,0.252,,,,,,,,,,,,,,
0449x4,0.106,0.306,0.063,0.736842105263158,0.736842105263158,0.736842105263158,0.333,1.108,0.231,,,,,,,,,,,,,,
0450x4,0.14,0.438,0.211,0.736842105263158,0.736842105263158,0.736842105263158,0.343,1.278,0.31,,,,,,,,,,,,,,
0451x4,0.082,0.28,0.109,0.736842105263158,0.736842105263158,0.736842105263158,0.333,0.985,0.214,,,,,,,,,,,,,,
0452x4,0.157,0.365,0.135,0.736842105263158,0.736842105263158,0.736842105263158,0.334,1.188,0.242,,,,,,,,,,,,,,
0453x4,0.164,0.427,0.114,0.736842105263158,0.736842105263158,0.736842105263158,0.365,1.356,0.285,,,,,,,,,,,,,,
0454x4,0.14,0.304,0.117,0.736842105263158,0.736842105263158,0.736842105263158,0.284,0.956,0.202,,,,,,,,,,,,,,
0455x4,0.112,0.373,0.083,0.736842105263158,0.736842105263158,0.736842105263158,0.33,1.342,0.22,,,,,,,,,,,,,,
0456x4,0.172,0.343,0.131,0.736842105263158,0.736842105263158,0.736842105263158,0.316,1.155,0.232,,,,,,,,,,,,,,
0457x4,0.095,0.228,0.191,0.736842105263158,0.736842105263158,0.736842105263158,0.235,0.74,0.169,,,,,,,,,,,,,,
0458x4,0.212,0.39,0.183,0.736842105263158,0.736842105263158,0.736842105263158,0.293,1.224,0.229,,,,,,,,,,,,,,
0459x4,0.123,0.381,0.081,0.736842105263158,0.736842105263158,0.736842105263158,0.352,1.319,0.244,,,,,,,,,,,,,,
0460x4,0.056,0.351,,0.736842105263158,0.736842105263158,0.736842105263158,0.374,1.255,0.329,,,,,,,,,,,,,,
0461x4,0.143,0.341,0.094,0.736842105263158,0.736842105263158,0.736842105263158,0.337,1.169,0.245,,,,,,,,,,,,,,
0462x4,0.133,0.287,0.104,0.736842105263158,0.736842105263158,0.736842105263158,0.284,0.946,0.177,,,,,,,,,,,,,,
0463x4,0.209,0.457,0.208,0.736842105263158,0.736842105263158,0.736842105263158,0.352,1.275,0.239,,,,,,,,,,,,,,
0464x4,0.175,0.329,0.214,0.266562065801522,0.736842105263158,0.736842105263158,0.272,1.002,0.232,,,,,,,,,,,,,,
0465x4,0.182,0.376,0.105,0.736842105263158,0.736842105263158,0.736842105263158,0.35,1.202,0.181,,,,,,,,,,,,,,
0466x4,0.176,0.372,,0.736842105263158,0.736842105263158,0.736842105263158,0.333,1.232,0.252,,,,,,,,,,,,,,
0467x4,0.123,0.324,0.106,0.736842105263158,0.736842105263158,0.736842105263158,0.311,1.072,0.21,,,,,,,,,,,,,,
0468x4,0.177,0.414,0.269,0.736842105263158,0.736842105263158,0.736842105263158,0.315,1.246,0.245,,,,,,,,,,,,,,
0469x4,0.103,0.349,,0.736842105263158,0.736842105263158,0.736842105263158,0.373,1.319,0.286,,,,,,,,,,,,,,
0470x4,0.187,0.367,0.091,0.736842105263158,0.736842105263158,0.736842105263158,0.316,1.275,0.238,,,,,,,,,,,,,,
0471x4,,0.264,0.079,0.736842105263158,0.736842105263158,0.736842105263158,0.273,0.925,0.208,,,,,,,,,,,,,,
0472x4,0.168,0.413,0.149,0.736842105263158,0.736842105263158,0.736842105263158,0.328,1.331,0.247,,,,,,,,,,,,,,
0473x4,0.283,0.473,0.361,0.736842105263158,0.736842105263158,0.736842105263158,0.336,1.342,0.254,,,,,,,,,,,,,,
0474x4,0.104,0.312,,0.736842105263158,0.736842105263158,0.736842105263158,0.35,1.235,0.244,,,,,,,,,,,,,,
0475x4,0.145,0.391,0.188,0.736842105263158,0.736842105263158,0.736842105263158,0.319,1.311,0.228,,,,,,,,,,,,,,
0476x4,0.16,0.321,0.104,0.736842105263158,0.736842105263158,0.736842105263158,0.313,1.004,0.206,,,,,,,,,,,,,,
0477x4,0.166,0.393,0.169,0.736842105263158,0.736842105263158,0.736842105263158,0.336,1.265,0.222,,,,,,,,,,,,,,
0478x4,0.105,0.359,0.062,0.736842105263158,0.736842105263158,0.736842105263158,0.309,1.258,0.24,,,,,,,,,,,,,,
0479x4,0.204,0.385,0.174,0.736842105263158,0.736842105263158,0.736842105263158,0.343,1.184,0.215,,,,,,,,,,,,,,
0480x4,0.08,0.335,0.079,0.736842105263158,0.736842105263158,0.736842105263158,0.328,1.208,0.256,,,,,,,,,,,,,,
0481x4,0.083,0.26,0.131,0.736842105263158,0.736842105263158,0.736842105263158,0.312,1.084,0.238,,,,,,,,,,,,,,
0482x4,0.089,0.351,0.077,0.736842105263158,0.736842105263158,0.736842105263158,0.355,1.232,0.294,,,,,,,,,,,,,,
0483x4,0.132,0.358,0.126,0.736842105263158,0.736842105263158,0.736842105263158,0.336,1.287,0.246,,,,,,,,,,,,,,
0484x4,0.194,0.341,0.257,0.736842105263158,0.736842105263158,0.736842105263158,0.273,1.051,0.212,,,,,,,,,,,,,,
0485x4,0.169,0.447,0.229,0.736842105263158,0.736842105263158,0.736842105263158,0.368,1.457,0.258,,,,,,,,,,,,,,
0486x4,0.202,0.429,0.183,0.736842105263158,0.736842105263158,0.736842105263158,0.327,1.325,0.256,,,,,,,,,,,,,,
0487x4,0.128,0.405,0.108,0.736842105263158,0.736842105263158,0.736842105263158,0.298,1.278,0.222,,,,,,,,,,,,,,
0488x4,0.17,0.363,0.114,0.736842105263158,0.736842105263158,0.736842105263158,0.326,1.095,0.23,,,,,,,,,,,,,,
0489x4,0.16,0.383,0.145,0.736842105263158,0.736842105263158,0.736842105263158,0.333,1.272,0.268,,,,,,,,,,,,,,
0490x4,0.132,0.332,,0.736842105263158,0.736842105263158,0.736842105263158,0.325,1.176,0.226,,,,,,,,,,,,,,
0491x4,0.182,0.319,0.155,0.350482396414055,0.736842105263158,0.736842105263158,0.246,0.878,0.203,,,,,,,,,,,,,,
0492x4,0.091,0.297,0.061,0.296541914339072,0.736842105263158,0.736842105263158,0.3,1.017,0.167,,,,,,,,,,,,,,
0493x4,0.128,0.294,0.119,0.736842105263158,0.736842105263158,0.736842105263158,0.284,1.016,0.182,,,,,,,,,,,,,,
0494x4,0.161,0.361,0.154,0.736842105263158,0.736842105263158,0.736842105263158,0.318,1.246,0.254,,,,,,,,,,,,,,
0495x4,0.156,0.335,0.091,0.736842105263158,0.736842105263158,0.736842105263158,0.317,1.099,0.204,,,,,,,,,,,,,,
0496x4,0.136,0.333,0.137,0.736842105263158,0.736842105263158,0.736842105263158,0.321,1.192,0.207,,,,,,,,,,,,,,
0497x4,0.155,0.327,0.234,0.736842105263158,0.736842105263158,0.736842105263158,0.279,1.035,0.214,,,,,,,,,,,,,,
0498x4,0.127,0.324,0.101,0.736842105263158,0.736842105263158,0.736842105263158,0.326,1.113,0.231,,,,,,,,,,,,,,
0499x4,0.083,0.297,0.068,0.736842105263158,0.736842105263158,0.736842105263158,0.265,0.994,0.196,,,,,,,,,,,,,,
0500x4,0.187,0.366,0.139,0.736842105263158,0.736842105263158,0.736842105263158,0.361,1.132,0.283,,,,,,,,,,,,,,
0501x4,0.11,0.291,0.1,0.313304559241421,0.736842105263158,0.736842105263158,0.265,0.945,0.203,,,,,,,,,,,,,,
0502x4,0.149,0.371,0.093,0.736842105263158,0.736842105263158,0.736842105263158,0.322,1.159,0.247,,,,,,,,,,,,,,
0503x4,0.141,0.388,0.16,0.736842105263158,0.736842105263158,0.736842105263158,0.339,1.303,0.243,,,,,,,,,,,,,,
0504x4,0.305,0.437,0.301,0.736842105263158,0.736842105263158,0.736842105263158,0.31,1.21,0.207,,,,,,,,,,,,,,
0505x4,0.11,0.284,0.058,0.736842105263158,0.736842105263158,0.736842105263158,0.327,1.048,0.246,,,,,,,,,,,,,,
0506x4,0.182,0.457,0.141,0.736842105263158,0.736842105263158,0.736842105263158,0.336,1.311,0.256,,,,,,,,,,,,,,
0507x4,0.133,0.354,0.073,0.736842105263158,0.736842105263158,0.736842105263158,0.311,1.245,0.242,,,,,,,,,,,,,,
0508x4,0.101,0.304,0.192,0.359430345919184,0.736842105263158,0.736842105263158,0.268,0.903,0.163,,,,,,,,,,,,,,
0509x4,0.165,0.35,0.147,0.736842105263158,0.736842105263158,0.736842105263158,0.339,1.193,0.233,,,,,,,,,,,,,,
0510x4,0.093,0.318,0.106,0.736842105263158,0.736842105263158,0.736842105263158,0.31,1.236,0.211,,,,,,,,,,,,,,
0511x4,0.051,0.291,,0.736842105263158,0.736842105263158,0.736842105263158,0.35,1.259,0.189,,,,,,,,,,,,,,
0512x4,0.092,0.296,0.105,0.736842105263158,0.736842105263158,0.736842105263158,0.3,1.038,0.207,,,,,,,,,,,,,,
0513x4,0.157,0.415,0.143,0.736842105263158,0.736842105263158,0.736842105263158,0.34,1.247,0.313,,,,,,,,,,,,,,
0514x4,0.154,0.372,0.157,0.736842105263158,0.736842105263158,0.736842105263158,0.351,1.308,0.253,,,,,,,,,,,,,,
0515x4,0.12,0.349,0.138,0.736842105263158,0.736842105263158,0.736842105263158,0.311,1.276,0.229,,,,,,,,,,,,,,
0516x4,0.178,0.412,0.123,0.736842105263158,0.736842105263158,0.736842105263158,0.3,1.166,0.257,,,,,,,,,,,,,,
0517x4,0.058,0.308,0.09,0.736842105263158,0.736842105263158,0.736842105263158,0.32,1.115,0.244,,,,,,,,,,,,,,
0518x4,0.117,0.366,0.163,0.736842105263158,0.736842105263158,0.736842105263158,0.289,1.202,0.192,,,,,,,,,,,,,,
0519x4,0.139,0.337,0.097,0.736842105263158,0.736842105263158,0.736842105263158,0.32,1.179,0.229,,,,,,,,,,,,,,
0520x4,0.127,0.363,,0.736842105263158,0.736842105263158,0.736842105263158,0.328,1.313,0.244,,,,,,,,,,,,,,
0521x4,0.126,0.292,0.12,0.736842105263158,0.736842105263158,0.736842105263158,0.27,0.917,0.184,,,,,,,,,,,,,,
0522x4,0.157,0.292,0.146,0.736842105263158,0.736842105263158,0.736842105263158,0.308,0.971,0.21,,,,,,,,,,,,,,
0523x4,0.126,0.338,0.171,0.736842105263158,0.736842105263158,0.736842105263158,0.236,1.322,0.169,,,,,,,,,,,,,,
0524x4,0.158,0.391,0.143,0.736842105263158,0.736842105263158,0.736842105263158,0.352,1.321,0.255,,,,,,,,,,,,,,
0525x4,0.181,0.361,0.156,0.736842105263158,0.736842105263158,0.736842105263158,0.338,1.233,0.23,,,,,,,,,,,,,,
0526x4,0.107,0.328,0.11,0.736842105263158,0.736842105263158,0.736842105263158,0.269,1.14,0.23,,,,,,,,,,,,,,
0527x4,0.137,0.274,0.148,0.736842105263158,0.736842105263158,0.736842105263158,0.269,0.908,0.171,,,,,,,,,,,,,,
0528x4,0.126,0.383,0.114,0.736842105263158,0.736842105263158,0.736842105263158,0.357,1.264,0.236,,,,,,,,,,,,,,
0529x4,0.184,0.378,0.185,0.736842105263158,0.736842105263158,0.736842105263158,0.274,1.219,0.213,,,,,,,,,,,,,,
0530x4,0.106,0.359,0.072,0.736842105263158,0.736842105263158,0.736842105263158,0.34,1.29,0.252,,,,,,,,,,,,,,
0531x4,0.133,0.369,0.187,0.736842105263158,0.736842105263158,0.736842105263158,0.349,1.268,0.244,,,,,,,,,,,,,,
0532x4,0.152,0.315,0.159,0.736842105263158,0.736842105263158,0.736842105263158,0.301,0.996,0.197,,,,,,,,,,,,,,
0533x4,0.116,0.325,0.075,0.736842105263158,0.736842105263158,0.736842105263158,0.34,1.138,0.212,,,,,,,,,,,,,,
0534x4,0.087,0.302,0.104,0.736842105263158,0.736842105263158,0.736842105263158,0.289,1.032,0.199,,,,,,,,,,,,,,
0535x4,0.146,0.296,0.11,0.736842105263158,0.736842105263158,0.736842105263158,0.284,0.963,0.188,,,,,,,,,,,,,,
0536x4,0.089,0.348,0.074,0.736842105263158,0.736842105263158,0.736842105263158,0.363,1.224,0.242,,,,,,,,,,,,,,
0537x4,0.171,0.347,0.203,0.736842105263158,0.736842105263158,0.736842105263158,0.311,1.11,0.228,,,,,,,,,,,,,,
0538x4,0.112,0.312,0.12,0.736842105263158,0.736842105263158,0.736842105263158,0.292,1.124,0.219,,,,,,,,,,,,,,
0539x4,0.146,0.349,0.103,0.736842105263158,0.736842105263158,0.736842105263158,0.302,1.162,0.23,,,,,,,,,,,,,,
0540x4,0.2,0.387,0.303,0.736842105263158,0.736842105263158,0.736842105263158,0.298,1.142,0.232,,,,,,,,,,,,,,
0541x4,,0.352,0.218,0.736842105263158,0.736842105263158,0.736842105263158,0.295,1.173,0.232,,,,,,,,,,,,,,
0542x4,0.115,0.316,0.075,0.736842105263158,0.736842105263158,0.736842105263158,0.345,1.289,0.128,,,,,,,,,,,,,,
0543x4,0.141,0.299,0.149,0.736842105263158,0.736842105263158,0.736842105263158,0.325,1.047,0.213,,,,,,,,,,,,,,
0544x4,0.109,0.308,0.05,0.736842105263158,0.736842105263158,0.736842105263158,0.308,1.174,0.244,,,,,,,,,,,,,,
0545x4,0.189,0.4,0.232,0.736842105263158,0.736842105263158,0.736842105263158,0.352,1.18,0.319,,,,,,,,,,,,,,
0546x4,0.152,0.372,0.143,0.736842105263158,0.736842105263158,0.736842105263158,0.316,1.113,0.227,,,,,,,,,,,,,,
0547x4,0.154,0.347,0.084,0.736842105263158,0.736842105263158,0.736842105263158,0.279,1.245,0.194,,,,,,,,,,,,,,
0548x4,0.137,0.306,0.131,0.363585198390188,0.736842105263158,0.736842105263158,0.284,0.989,0.193,,,,,,,,,,,,,,
0549x4,0.192,0.354,0.135,0.736842105263158,0.736842105263158,0.736842105263158,0.316,1.137,0.219,,,,,,,,,,,,,,
0550x4,0.17,0.452,0.157,0.736842105263158,0.736842105263158,0.736842105263158,0.364,1.538,0.245,,,,,,,,,,,,,,
0551x4,0.122,0.321,0.08,0.736842105263158,0.736842105263158,0.736842105263158,0.298,1.112,0.217,,,,,,,,,,,,,,
0552x4,0.134,0.363,0.13,0.736842105263158,0.736842105263158,0.736842105263158,0.313,1.222,0.252,,,,,,,,,,,,,,
0553x4,0.137,0.321,0.181,0.736842105263158,0.736842105263158,0.736842105263158,0.26,1.116,0.219,,,,,,,,,,,,,,
0554x4,0.096,0.283,0.132,0.339820323944323,0.736842105263158,0.736842105263158,0.269,0.963,0.169,,,,,,,,,,,,,,
0555x4,0.175,0.372,0.185,0.736842105263158,0.736842105263158,0.736842105263158,0.335,1.353,0.23,,,,,,,,,,,,,,
0556x4,0.119,0.311,0.131,0.736842105263158,0.736842105263158,0.736842105263158,0.276,1.102,0.239,,,,,,,,,,,,,,
0557x4,0.175,0.3,0.186,0.736842105263158,0.736842105263158,0.736842105263158,0.259,0.93,0.183,,,,,,,,,,,,,,
0558x4,0.189,0.389,0.111,0.736842105263158,0.736842105263158,0.736842105263158,0.35,1.386,0.241,,,,,,,,,,,,,,
0559x4,0.105,0.352,0.318,0.736842105263158,0.736842105263158,0.736842105263158,0.265,1.06,0.214,,,,,,,,,,,,,,
0560x4,0.062,0.293,,0.736842105263158,0.736842105263158,0.736842105263158,0.276,1.099,0.157,,,,,,,,,,,,,,
0561x4,0.075,0.229,,0.241007764391002,,0.0583528578313601,0.16,0.794,0.12,,,,,,,,,,,,,,
0562x4,0.114,0.322,0.064,0.736842105263158,0.736842105263158,0.736842105263158,0.31,1.083,0.241,,,,,,,,,,,,,,
0563x4,0.293,0.459,0.343,0.736842105263158,0.736842105263158,0.736842105263158,0.334,1.459,0.265,,,,,,,,,,,,,,
0564x4,0.08,0.375,0.057,0.736842105263158,0.736842105263158,0.736842105263158,0.331,1.27,0.279,,,,,,,,,,,,,,
0565x4,0.089,0.321,0.071,0.736842105263158,0.736842105263158,0.736842105263158,0.339,1.118,0.229,,,,,,,,,,,,,,
0566x4,0.124,0.306,0.113,0.305544364880554,0.736842105263158,0.736842105263158,0.262,0.84,0.155,,,,,,,,,,,,,,
0567x4,0.161,0.383,0.144,0.736842105263158,0.736842105263158,0.736842105263158,0.329,1.271,0.238,,,,,,,,,,,,,,
0568x4,0.148,0.346,0.15,0.736842105263158,0.736842105263158,0.736842105263158,0.299,0.983,0.242,,,,,,,,,,,,,,
0569x4,0.071,0.247,0.051,0.736842105263158,0.736842105263158,0.736842105263158,0.26,0.97,0.219,,,,,,,,,,,,,,
0570x4,0.126,0.356,0.114,0.736842105263158,0.736842105263158,0.736842105263158,0.308,1.193,0.266,,,,,,,,,,,,,,
0571x4,0.251,0.46,0.301,0.736842105263158,0.736842105263158,0.736842105263158,0.399,1.425,0.268,,,,,,,,,,,,,,
0572x4,0.218,0.433,0.203,0.736842105263158,0.736842105263158,0.736842105263158,0.337,1.469,0.264,,,,,,,,,,,,,,
0573x4,0.141,0.334,0.079,0.736842105263158,0.736842105263158,0.736842105263158,0.316,1.121,0.22,,,,,,,,,,,,,,
0574x4,,0.292,0.082,0.736842105263158,0.736842105263158,0.736842105263158,0.289,1.074,0.217,,,,,,,,,,,,,,
0575x4,0.13,0.419,0.117,0.736842105263158,0.736842105263158,0.736842105263158,0.332,1.334,0.25,,,,,,,,,,,,,,
0576x4,0.159,0.32,0.161,0.736842105263158,0.736842105263158,0.736842105263158,0.293,1.061,0.212,,,,,,,,,,,,,,
0577x4,0.184,0.333,0.122,0.736842105263158,0.736842105263158,0.736842105263158,0.319,1.185,0.222,,,,,,,,,,,,,,
0578x4,0.162,0.343,0.153,0.736842105263158,0.736842105263158,0.736842105263158,0.303,1.164,0.214,,,,,,,,,,,,,,
0579x4,0.165,0.374,0.176,0.736842105263158,0.736842105263158,0.736842105263158,0.305,1.112,0.2,,,,,,,,,,,,,,
0580x4,0.092,0.29,0.097,0.736842105263158,0.736842105263158,0.736842105263158,0.325,1.032,0.213,,,,,,,,,,,,,,
0581x4,0.184,0.341,0.175,0.736842105263158,0.736842105263158,0.736842105263158,0.265,1.14,0.177,,,,,,,,,,,,,,
0582x4,0.155,0.389,0.112,0.736842105263158,0.736842105263158,0.736842105263158,0.31,1.234,0.174,,,,,,,,,,,,,,
0583x4,0.099,0.338,,0.736842105263158,0.736842105263158,0.736842105263158,0.31,1.219,0.207,,,,,,,,,,,,,,
0584x4,0.151,0.407,0.067,0.736842105263158,0.736842105263158,0.736842105263158,0.357,1.339,0.259,,,,,,,,,,,,,,
0585x4,0.253,0.521,0.231,0.736842105263158,0.736842105263158,0.736842105263158,0.396,1.561,0.301,,,,,,,,,,,,,,
0586x4,0.134,0.304,0.102,0.736842105263158,0.736842105263158,0.736842105263158,0.309,0.907,0.205,,,,,,,,,,,,,,
0587x4,0.138,0.355,0.114,0.736842105263158,0.736842105263158,0.736842105263158,0.319,1.185,0.248,,,,,,,,,,,,,,
0588x4,0.167,0.415,0.195,0.736842105263158,0.736842105263158,0.736842105263158,0.315,1.35,0.239,,,,,,,,,,,,,,
0589x4,0.157,0.337,0.197,0.736842105263158,0.736842105263158,0.736842105263158,0.315,1.015,0.196,,,,,,,,,,,,,,
0590x4,0.13,0.302,0.128,0.736842105263158,0.736842105263158,0.736842105263158,0.305,1.004,0.21,,,,,,,,,,,,,,
0591x4,0.224,0.367,0.298,0.736842105263158,0.736842105263158,0.736842105263158,0.323,1.127,0.2,,,,,,,,,,,,,,
0592x4,0.152,0.386,0.176,0.736842105263158,0.736842105263158,0.736842105263158,0.287,1.178,0.258,,,,,,,,,,,,,,
0593x4,0.127,0.316,0.244,0.736842105263158,0.736842105263158,0.736842105263158,0.308,0.956,0.191,,,,,,,,,,,,,,
0594x4,0.151,0.357,0.14,0.736842105263158,0.736842105263158,0.736842105263158,0.309,1.192,0.237,,,,,,,,,,,,,,
0595x4,0.129,0.311,0.157,0.736842105263158,0.736842105263158,0.736842105263158,0.274,1.07,0.219,,,,,,,,,,,,,,
0596x4,0.13,0.408,0.111,0.736842105263158,0.736842105263158,0.736842105263158,0.352,1.432,0.241,,,,,,,,,,,,,,
0597x4,0.12,0.271,0.131,0.736842105263158,0.736842105263158,0.736842105263158,0.299,0.994,0.192,,,,,,,,,,,,,,
0598x4,0.176,0.337,0.158,0.736842105263158,0.736842105263158,0.736842105263158,0.332,1.127,0.245,,,,,,,,,,,,,,
0599x4,0.17,0.381,0.175,0.736842105263158,0.736842105263158,0.736842105263158,0.315,1.201,0.222,,,,,,,,,,,,,,
0600x4,0.097,0.34,,0.736842105263158,0.736842105263158,0.736842105263158,0.311,1.189,0.246,,,,,,,,,,,,,,
0601x4,0.316,0.445,0.464,0.736842105263158,0.736842105263158,0.736842105263158,0.366,1.347,0.274,,,,,,,,,,,,,,
0602x4,0.136,0.317,0.167,0.736842105263158,0.736842105263158,0.736842105263158,0.296,1.059,0.207,,,,,,,,,,,,,,
0603x4,0.223,0.335,0.085,0.736842105263158,0.736842105263158,0.736842105263158,0.328,1.119,0.203,,,,,,,,,,,,,,
0604x4,0.145,0.368,0.274,0.736842105263158,0.736842105263158,0.736842105263158,0.256,1.194,0.119,,,,,,,,,,,,,,
0605x4,0.095,0.311,0.126,0.736842105263158,0.736842105263158,0.736842105263158,0.312,1.054,0.24,,,,,,,,,,,,,,
0606x4,0.184,0.4,0.169,0.736842105263158,0.736842105263158,0.736842105263158,0.278,1.063,0.2,,,,,,,,,,,,,,
0607x4,0.206,0.482,0.261,0.736842105263158,0.736842105263158,0.736842105263158,0.378,1.502,0.292,,,,,,,,,,,,,,
0608x4,0.059,0.271,,0.736842105263158,0.736842105263158,0.736842105263158,0.338,0.954,0.202,,,,,,,,,,,,,,
0609x4,0.142,0.361,0.173,0.736842105263158,0.736842105263158,0.736842105263158,0.331,1.154,0.226,,,,,,,,,,,,,,
0610x4,0.159,0.391,0.133,0.736842105263158,0.736842105263158,0.736842105263158,0.331,1.26,0.248,,,,,,,,,,,,,,
0611x4,0.175,0.303,0.186,0.736842105263158,0.736842105263158,0.736842105263158,0.285,0.978,0.173,,,,,,,,,,,,,,
0612x4,0.133,0.364,0.123,0.736842105263158,0.736842105263158,0.736842105263158,0.352,1.342,0.221,,,,,,,,,,,,,,
0613x4,0.083,0.329,0.064,0.736842105263158,0.736842105263158,0.736842105263158,0.261,0.944,0.193,,,,,,,,,,,,,,
0614x4,0.147,0.289,0.129,0.736842105263158,0.736842105263158,0.736842105263158,0.321,0.995,0.206,,,,,,,,,,,,,,
0615x4,0.154,0.333,0.101,0.736842105263158,0.736842105263158,0.736842105263158,0.372,1.172,0.222,,,,,,,,,,,,,,
0616x4,0.166,0.402,0.149,0.736842105263158,0.736842105263158,0.736842105263158,0.335,1.339,0.203,,,,,,,,,,,,,,
0617x4,0.165,0.361,0.127,0.736842105263158,0.736842105263158,0.736842105263158,0.314,1.267,0.198,,,,,,,,,,,,,,
0618x4,0.141,0.37,0.183,0.736842105263158,0.736842105263158,0.736842105263158,0.327,1.267,0.243,,,,,,,,,,,,,,
0619x4,0.122,0.387,0.06,0.736842105263158,0.736842105263158,0.736842105263158,0.332,1.276,0.288,,,,,,,,,,,,,,
0620x4,0.202,0.428,0.196,0.736842105263158,0.736842105263158,0.736842105263158,0.329,1.289,0.239,,,,,,,,,,,,,,
0621x4,0.158,0.343,0.155,0.26557851135999,0.736842105263158,0.736842105263158,0.303,1.107,0.229,,,,,,,,,,,,,,
0622x4,0.185,0.39,0.128,0.736842105263158,0.736842105263158,0.736842105263158,0.327,1.308,0.23,,,,,,,,,,,,,,
0623x4,0.106,0.396,0.135,0.736842105263158,0.736842105263158,0.736842105263158,0.364,1.373,0.299,,,,,,,,,,,,,,
0624x4,0.113,0.316,0.07,0.736842105263158,0.736842105263158,0.736842105263158,0.32,1.173,0.173,,,,,,,,,,,,,,
0625x4,0.061,0.309,,0.736842105263158,0.736842105263158,0.736842105263158,0.377,1.111,0.273,,,,,,,,,,,,,,
0626x4,0.113,0.346,0.078,0.736842105263158,0.736842105263158,0.736842105263158,0.304,1.209,0.218,,,,,,,,,,,,,,
0627x4,0.055,0.221,,0.381685073936509,0.736842105263158,0.736842105263158,0.248,0.782,0.143,,,,,,,,,,,,,,
0628x4,0.149,0.463,0.393,0.736842105263158,0.736842105263158,0.736842105263158,0.347,1.145,0.258,,,,,,,,,,,,,,
0629x4,0.14,0.345,0.118,0.736842105263158,0.736842105263158,0.736842105263158,0.306,1.157,0.23,,,,,,,,,,,,,,
0630x4,0.149,0.386,0.128,0.736842105263158,0.736842105263158,0.736842105263158,0.34,1.321,0.272,,,,,,,,,,,,,,
0631x4,0.19,0.38,0.202,0.736842105263158,0.736842105263158,0.736842105263158,0.328,1.239,0.251,,,,,,,,,,,,,,
0632x4,0.165,0.384,0.134,0.736842105263158,0.736842105263158,0.736842105263158,0.299,1.269,0.23,,,,,,,,,,,,,,
0633x4,0.143,0.395,0.146,0.736842105263158,0.736842105263158,0.736842105263158,0.343,1.336,0.247,,,,,,,,,,,,,,
0634x4,0.216,0.445,0.124,0.736842105263158,0.736842105263158,0.736842105263158,0.361,1.288,0.237,,,,,,,,,,,,,,
0635x4,0.098,0.369,0.082,0.736842105263158,0.736842105263158,0.736842105263158,0.315,1.222,0.249,,,,,,,,,,,,,,
0636x4,0.203,0.484,0.207,0.736842105263158,0.736842105263158,0.736842105263158,0.388,1.538,0.263,,,,,,,,,,,,,,
0637x4,0.176,0.399,0.243,0.736842105263158,0.736842105263158,0.736842105263158,0.338,1.199,0.259,,,,,,,,,,,,,,
0638x4,0.13,0.353,0.104,0.736842105263158,0.736842105263158,0.736842105263158,0.349,1.244,0.234,,,,,,,,,,,,,,
0639x4,0.136,0.377,0.104,0.736842105263158,0.736842105263158,0.736842105263158,0.347,1.286,0.2,,,,,,,,,,,,,,
0640x4,,0.332,,0.736842105263158,0.736842105263158,0.736842105263158,0.325,1.347,0.26,,,,,,,,,,,,,,
0641x4,0.143,0.404,0.124,0.736842105263158,0.736842105263158,0.736842105263158,0.323,1.341,0.276,,,,,,,,,,,,,,
0642x4,0.148,0.374,0.153,0.736842105263158,0.736842105263158,0.736842105263158,0.332,1.175,0.235,,,,,,,,,,,,,,
0643x4,0.169,0.368,0.172,0.736842105263158,0.736842105263158,0.736842105263158,0.369,1.271,0.342,,,,,,,,,,,,,,
0644x4,0.126,0.371,0.179,0.736842105263158,0.736842105263158,0.736842105263158,0.286,1.263,0.237,,,,,,,,,,,,,,
0645x4,0.187,0.385,0.203,0.736842105263158,0.736842105263158,0.736842105263158,0.305,1.225,0.237,,,,,,,,,,,,,,
0646x4,0.169,0.4,0.145,0.736842105263158,0.736842105263158,0.736842105263158,0.317,1.282,0.263,,,,,,,,,,,,,,
0647x4,0.133,0.359,0.17,0.736842105263158,0.736842105263158,0.736842105263158,0.313,1.246,0.2,,,,,,,,,,,,,,
0648x4,0.17,0.36,0.131,0.736842105263158,0.736842105263158,0.736842105263158,0.328,1.264,0.232,,,,,,,,,,,,,,
0649x4,0.098,0.389,,0.736842105263158,0.736842105263158,0.736842105263158,0.328,1.319,0.276,,,,,,,,,,,,,,
0650x4,0.117,0.296,0.078,0.736842105263158,0.736842105263158,0.736842105263158,0.303,1.051,0.218,,,,,,,,,,,,,,
0651x4,0.093,0.382,0.434,0.736842105263158,0.736842105263158,0.736842105263158,0.348,1.292,0.233,,,,,,,,,,,,,,
0652x4,0.2,0.349,0.089,0.736842105263158,0.736842105263158,0.736842105263158,0.316,1.172,0.225,,,,,,,,,,,,,,
0653x4,0.14,0.384,0.162,0.736842105263158,0.736842105263158,0.736842105263158,0.389,1.266,0.281,,,,,,,,,,,,,,
0654x4,0.157,0.345,0.149,0.736842105263158,0.736842105263158,0.736842105263158,0.315,1.085,0.246,,,,,,,,,,,,,,
0655x4,0.109,0.36,0.129,0.736842105263158,0.736842105263158,0.736842105263158,0.346,1.39,0.263,,,,,,,,,,,,,,
0656x4,0.146,0.301,0.225,0.736842105263158,0.736842105263158,0.736842105263158,0.286,0.962,0.194,,,,,,,,,,,,,,
0657x4,0.055,0.31,,0.736842105263158,0.736842105263158,0.736842105263158,0.28,0.974,0.216,,,,,,,,,,,,,,
0658x4,,0.264,,0.736842105263158,0.736842105263158,0.736842105263158,0.275,0.929,0.199,,,,,,,,,,,,,,
0659x4,0.234,0.454,0.203,0.736842105263158,0.736842105263158,0.736842105263158,0.35,1.303,0.279,,,,,,,,,,,,,,
0660x4,0.119,0.374,,0.736842105263158,0.736842105263158,0.736842105263158,0.352,1.336,0.258,,,,,,,,,,,,,,
0661x4,0.106,0.33,0.074,0.736842105263158,0.736842105263158,0.736842105263158,0.319,1.231,0.219,,,,,,,,,,,,,,
0662x4,0.139,0.369,0.127,0.736842105263158,0.736842105263158,0.736842105263158,0.33,1.188,0.238,,,,,,,,,,,,,,
0663x4,,0.25,,0.736842105263158,0.736842105263158,0.736842105263158,0.301,1.076,0.241,,,,,,,,,,,,,,
0664x4,0.126,0.376,0.11,0.736842105263158,0.736842105263158,0.736842105263158,0.308,1.184,0.237,,,,,,,,,,,,,,
0665x4,0.128,0.336,0.122,0.736842105263158,0.736842105263158,0.736842105263158,0.322,1.196,0.243,,,,,,,,,,,,,,
0666x4,0.147,0.32,0.111,0.736842105263158,0.736842105263158,0.736842105263158,0.315,1.042,0.234,,,,,,,,,,,,,,
0667x4,0.129,0.337,0.106,0.736842105263158,0.736842105263158,0.736842105263158,0.249,1.055,0.184,,,,,,,,,,,,,,
0668x4,,0.255,0.096,0.287762345340149,0.736842105263158,0.736842105263158,0.241,0.896,0.18,,,,,,,,,,,,,,
0669x4,0.432,0.469,0.423,0.736842105263158,0.736842105263158,0.736842105263158,0.318,1.206,0.211,,,,,,,,,,,,,,
0670x4,0.109,0.335,0.089,0.736842105263158,0.736842105263158,0.736842105263158,0.334,1.153,0.237,,,,,,,,,,,,,,
0671x4,0.264,0.457,0.315,0.736842105263158,0.736842105263158,0.736842105263158,0.331,1.429,0.24,,,,,,,,,,,,,,
0672x4,0.156,0.347,0.135,0.736842105263158,0.736842105263158,0.736842105263158,0.318,1.129,0.227,,,,,,,,,,,,,,
0673x4,0.128,0.272,0.116,0.736842105263158,0.736842105263158,0.736842105263158,0.244,0.946,0.169,,,,,,,,,,,,,,
0674x4,0.177,0.399,0.197,0.736842105263158,0.736842105263158,0.736842105263158,0.352,1.311,0.273,,,,,,,,,,,,,,
0675x4,0.125,0.361,,0.736842105263158,0.736842105263158,0.736842105263158,0.346,1.335,0.244,,,,,,,,,,,,,,
0676x4,0.071,0.225,0.085,0.736842105263158,0.736842105263158,0.736842105263158,0.256,0.865,0.188,,,,,,,,,,,,,,
0677x4,0.11,0.321,0.108,0.736842105263158,0.736842105263158,0.736842105263158,0.306,1.116,0.241,,,,,,,,,,,,,,
0678x4,0.126,0.379,0.088,0.736842105263158,0.736842105263158,0.736842105263158,0.322,1.195,0.234,,,,,,,,,,,,,,
0679x4,0.15,0.391,0.118,0.736842105263158,0.736842105263158,0.736842105263158,0.335,1.277,0.272,,,,,,,,,,,,,,
0680x4,0.072,0.319,0.153,0.736842105263158,0.736842105263158,0.736842105263158,0.323,1.2,0.23,,,,,,,,,,,,,,
0681x4,0.143,0.447,0.054,0.736842105263158,0.736842105263158,0.736842105263158,0.34,1.365,0.258,,,,,,,,,,,,,,
0682x4,0.068,0.295,0.169,0.736842105263158,0.736842105263158,0.736842105263158,0.27,1.023,0.185,,,,,,,,,,,,,,
0683x4,0.126,0.327,0.051,0.736842105263158,0.736842105263158,0.736842105263158,0.325,1.158,0.227,,,,,,,,,,,,,,
0684x4,0.149,0.298,0.162,0.736842105263158,0.736842105263158,0.736842105263158,0.278,0.969,0.212,,,,,,,,,,,,,,
0685x4,0.146,0.298,,0.736842105263158,0.736842105263158,0.736842105263158,0.286,1.07,0.172,,,,,,,,,,,,,,
0686x4,0.109,0.378,0.057,0.736842105263158,0.736842105263158,0.736842105263158,0.318,1.28,0.251,,,,,,,,,,,,,,
0687x4,0.146,0.392,0.324,0.736842105263158,0.736842105263158,0.736842105263158,0.299,1.215,0.272,,,,,,,,,,,,,,
0688x4,0.17,0.384,0.151,0.736842105263158,0.736842105263158,0.736842105263158,0.325,1.214,0.241,,,,,,,,,,,,,,
0689x4,0.17,0.413,0.15,0.736842105263158,0.736842105263158,0.736842105263158,0.321,1.387,0.251,,,,,,,,,,,,,,
0690x4,0.071,0.342,0.052,0.736842105263158,0.736842105263158,0.736842105263158,0.358,1.132,0.25,,,,,,,,,,,,,,
0691x4,0.16,0.325,0.136,0.736842105263158,0.736842105263158,0.736842105263158,0.345,1.098,0.219,,,,,,,,,,,,,,
0692x4,0.176,0.384,0.143,0.736842105263158,0.736842105263158,0.736842105263158,0.32,1.182,0.234,,,,,,,,,,,,,,
0693x4,0.137,0.353,0.129,0.736842105263158,0.736842105263158,0.736842105263158,0.284,1.115,0.246,,,,,,,,,,,,,,
0694x4,0.116,0.309,,0.736842105263158,0.736842105263158,0.736842105263158,0.358,1.198,0.273,,,,,,,,,,,,,,
0695x4,0.166,0.329,0.107,0.736842105263158,0.736842105263158,0.736842105263158,0.353,1.246,0.236,,,,,,,,,,,,,,
0696x4,0.142,0.297,0.085,0.736842105263158,0.736842105263158,0.736842105263158,0.327,1.131,0.23,,,,,,,,,,,,,,
0697x4,0.141,0.308,0.14,0.736842105263158,0.736842105263158,0.736842105263158,0.291,1.01,0.181,,,,,,,,,,,,,,
0698x4,0.186,0.419,0.156,0.736842105263158,0.736842105263158,0.736842105263158,0.369,1.236,0.299,,,,,,,,,,,,,,
0699x4,0.09,0.316,,0.736842105263158,0.736842105263158,0.736842105263158,0.291,1.059,0.22,,,,,,,,,,,,,,
0700x4,0.146,0.392,,0.736842105263158,0.736842105263158,0.736842105263158,0.382,1.28,0.275,,,,,,,,,,,,,,
0701x4,0.14,0.361,0.178,0.736842105263158,0.736842105263158,0.736842105263158,0.341,1.35,0.273,,,,,,,,,,,,,,
0702x4,0.14,0.361,0.148,0.736842105263158,0.736842105263158,0.736842105263158,0.322,1.279,0.23,,,,,,,,,,,,,,
0703x4,0.161,0.302,0.122,0.736842105263158,0.736842105263158,0.736842105263158,0.298,0.96,0.213,,,,,,,,,,,,,,
0704x4,0.079,0.314,0.068,0.736842105263158,0.736842105263158,0.736842105263158,0.295,1.214,0.201,,,,,,,,,,,,,,
0705x4,0.149,0.332,0.156,0.736842105263158,0.736842105263158,0.736842105263158,0.326,1.168,0.228,,,,,,,,,,,,,,
0706x4,0.104,0.279,0.164,0.736842105263158,0.736842105263158,0.736842105263158,0.302,1.047,0.216,,,,,,,,,,,,,,
0707x4,0.21,0.332,0.173,0.736842105263158,0.736842105263158,0.736842105263158,0.331,1.109,0.241,,,,,,,,,,,,,,
0708x4,0.162,0.386,0.125,0.736842105263158,0.736842105263158,0.736842105263158,0.334,1.272,0.229,,,,,,,,,,,,,,
0709x4,,0.232,0.05,0.736842105263158,0.736842105263158,0.736842105263158,0.262,1.009,0.231,,,,,,,,,,,,,,
0710x4,0.237,0.362,0.292,0.736842105263158,0.736842105263158,0.736842105263158,0.241,0.932,0.152,,,,,,,,,,,,,,
0711x4,0.188,0.431,0.142,0.736842105263158,0.736842105263158,0.736842105263158,0.32,1.335,0.298,,,,,,,,,,,,,,
0712x4,0.078,0.325,0.206,0.736842105263158,0.736842105263158,0.736842105263158,0.307,1.027,0.213,,,,,,,,,,,,,,
0713x4,0.162,0.381,0.185,0.736842105263158,0.736842105263158,0.736842105263158,0.327,1.257,0.25,,,,,,,,,,,,,,
0714x4,0.079,0.275,0.076,0.736842105263158,0.736842105263158,0.736842105263158,0.302,1.008,0.236,,,,,,,,,,,,,,
0715x4,0.254,0.413,0.201,0.736842105263158,0.736842105263158,0.736842105263158,0.325,1.131,0.214,,,,,,,,,,,,,,
0716x4,0.124,0.356,0.099,0.736842105263158,0.736842105263158,0.736842105263158,0.32,1.141,0.274,,,,,,,,,,,,,,
0717x4,0.153,0.319,0.142,0.736842105263158,0.736842105263158,0.736842105263158,0.301,1.158,0.217,,,,,,,,,,,,,,
0718x4,0.172,0.358,0.147,0.736842105263158,0.736842105263158,0.736842105263158,0.295,1.168,0.206,,,,,,,,,,,,,,
0719x4,0.111,0.336,0.062,0.736842105263158,0.736842105263158,0.736842105263158,0.348,1.232,0.228,,,,,,,,,,,,,,
0720x4,0.103,0.291,0.095,0.736842105263158,0.736842105263158,0.736842105263158,0.295,1.003,0.206,,,,,,,,,,,,,,
0721x4,0.171,0.345,0.239,0.736842105263158,0.736842105263158,0.736842105263158,0.296,1.183,0.257,,,,,,,,,,,,,,
0722x4,0.142,0.361,0.094,0.736842105263158,0.736842105263158,0.736842105263158,0.344,1.219,0.23,,,,,,,,,,,,,,
0723x4,0.089,0.317,0.097,0.736842105263158,0.736842105263158,0.736842105263158,0.308,1.092,0.213,,,,,,,,,,,,,,
0724x4,,0.237,,0.736842105263158,0.736842105263158,0.736842105263158,0.266,0.887,0.188,,,,,,,,,,,,,,
0725x4,0.1,0.351,,0.736842105263158,0.736842105263158,0.736842105263158,0.322,1.24,0.225,,,,,,,,,,,,,,
0726x4,0.198,0.343,0.207,0.736842105263158,0.736842105263158,0.736842105263158,0.311,1.116,0.192,,,,,,,,,,,,,,
0727x4,0.146,0.327,0.125,0.736842105263158,0.736842105263158,0.736842105263158,0.332,1.18,0.237,,,,,,,,,,,,,,
0728x4,0.121,0.332,0.094,0.736842105263158,0.736842105263158,0.736842105263158,0.328,1.26,0.29,,,,,,,,,,,,,,
0729x4,0.157,0.358,0.126,0.736842105263158,0.736842105263158,0.736842105263158,0.31,1.217,0.252,,,,,,,,,,,,,,
0730x4,0.218,0.351,0.195,0.736842105263158,0.736842105263158,0.736842105263158,0.332,1.137,0.214,,,,,,,,,,,,,,
0731x4,0.179,0.36,0.186,0.736842105263158,0.736842105263158,0.736842105263158,0.288,1.071,0.215,,,,,,,,,,,,,,
0732x4,0.247,0.392,0.283,0.736842105263158,0.736842105263158,0.736842105263158,0.261,1.004,0.207,,,,,,,,,,,,,,
0733x4,0.171,0.373,0.172,0.736842105263158,0.736842105263158,0.736842105263158,0.31,1.213,0.212,,,,,,,,,,,,,,
0734x4,0.104,0.336,0.102,0.736842105263158,0.736842105263158,0.736842105263158,0.335,1.13,0.249,,,,,,,,,,,,,,
0735x4,0.097,0.367,0.119,0.736842105263158,0.736842105263158,0.736842105263158,0.339,1.304,0.266,,,,,,,,,,,,,,
0736x4,0.173,0.35,0.206,0.736842105263158,0.736842105263158,0.736842105263158,0.338,1.17,0.229,,,,,,,,,,,,,,
0737x4,0.112,0.29,0.103,0.736842105263158,0.736842105263158,0.736842105263158,0.294,1.056,0.206,,,,,,,,,,,,,,
0738x4,0.082,0.229,,0.736842105263158,0.736842105263158,0.736842105263158,0.319,1.085,0.211,,,,,,,,,,,,,,
0739x4,0.179,0.41,0.171,0.736842105263158,0.736842105263158,0.736842105263158,0.328,1.268,0.227,,,,,,,,,,,,,,
0740x4,0.103,0.342,0.067,0.736842105263158,0.736842105263158,0.736842105263158,0.329,1.302,0.261,,,,,,,,,,,,,,
0741x4,0.145,0.302,0.116,0.736842105263158,0.736842105263158,0.736842105263158,0.3,1.004,0.205,,,,,,,,,,,,,,
0742x4,0.094,0.311,0.104,0.736842105263158,0.736842105263158,0.736842105263158,0.281,1.004,0.196,,,,,,,,,,,,,,
0743x4,0.157,0.405,0.1,0.736842105263158,0.736842105263158,0.736842105263158,0.324,1.265,0.243,,,,,,,,,,,,,,
0744x4,,0.304,0.098,0.736842105263158,0.736842105263158,0.736842105263158,0.293,1.248,0.261,,,,,,,,,,,,,,
0745x4,0.26,0.493,0.362,0.736842105263158,0.736842105263158,0.736842105263158,0.314,1.229,0.207,,,,,,,,,,,,,,
0746x4,0.145,0.356,0.132,0.736842105263158,0.736842105263158,0.736842105263158,0.286,1.099,0.238,,,,,,,,,,,,,,
0747x4,0.099,0.313,0.09,0.736842105263158,0.736842105263158,0.736842105263158,0.307,1.114,0.224,,,,,,,,,,,,,,
0748x4,0.136,0.392,0.173,0.736842105263158,0.736842105263158,0.736842105263158,0.32,1.211,0.253,,,,,,,,,,,,,,
0749x4,0.19,0.413,0.172,0.736842105263158,0.736842105263158,0.736842105263158,0.304,1.357,0.243,,,,,,,,,,,,,,
0750x4,0.072,0.301,0.095,0.736842105263158,0.736842105263158,0.736842105263158,0.308,1.104,0.228,,,,,,,,,,,,,,
0751x4,0.118,0.299,0.192,0.736842105263158,0.736842105263158,0.736842105263158,0.291,0.989,0.216,,,,,,,,,,,,,,
0752x4,0.068,0.202,0.13,0.736842105263158,0.736842105263158,0.736842105263158,0.208,0.651,0.151,,,,,,,,,,,,,,
0753x4,0.109,0.32,0.114,0.736842105263158,0.736842105263158,0.736842105263158,0.3,1.038,0.198,,,,,,,,,,,,,,
0754x4,0.111,0.281,0.127,0.736842105263158,0.736842105263158,0.736842105263158,0.276,1.008,0.198,,,,,,,,,,,,,,
0755x4,0.233,0.453,0.264,0.736842105263158,0.736842105263158,0.736842105263158,0.312,1.227,0.205,,,,,,,,,,,,,,
0756x4,0.069,0.299,,0.736842105263158,0.736842105263158,0.736842105263158,0.302,1.025,0.202,,,,,,,,,,,,,,
0757x4,0.124,0.322,0.105,0.736842105263158,0.736842105263158,0.736842105263158,0.289,1.048,0.2,,,,,,,,,,,,,,
0758x4,,0.295,,0.736842105263158,0.736842105263158,0.736842105263158,0.293,1.168,0.206,,,,,,,,,,,,,,
0759x4,0.11,0.344,0.064,0.736842105263158,0.736842105263158,0.736842105263158,0.307,1.139,0.233,,,,,,,,,,,,,,
0760x4,0.203,0.413,0.155,0.736842105263158,0.736842105263158,0.736842105263158,0.37,1.27,0.248,,,,,,,,,,,,,,
0761x4,,0.287,,0.736842105263158,0.736842105263158,0.736842105263158,0.323,1.148,0.238,,,,,,,,,,,,,,
0762x4,,0.202,,0.736842105263158,0.736842105263158,0.736842105263158,0.364,1.242,0.253,,,,,,,,,,,,,,
0763x4,0.207,0.381,0.207,0.736842105263158,0.736842105263158,0.736842105263158,0.326,1.215,0.249,,,,,,,,,,,,,,
0764x4,0.097,0.301,0.099,0.736842105263158,0.736842105263158,0.736842105263158,0.336,1.217,0.233,,,,,,,,,,,,,,
0765x4,0.165,0.341,0.182,0.736842105263158,0.736842105263158,0.736842105263158,0.305,1.196,0.228,,,,,,,,,,,,,,
0766x4,0.192,0.358,0.172,0.736842105263158,0.736842105263158,0.736842105263158,0.275,1.17,0.18,,,,,,,,,,,,,,
0767x4,0.183,0.397,0.064,0.736842105263158,0.736842105263158,0.736842105263158,0.326,1.263,0.246,,,,,,,,,,,,,,
0768x4,0.161,0.349,0.116,0.736842105263158,0.736842105263158,0.736842105263158,0.338,1.2,0.238,,,,,,,,,,,,,,
0769x4,0.114,0.354,0.102,0.736842105263158,0.736842105263158,0.736842105263158,0.321,1.298,0.269,,,,,,,,,,,,,,
0770x4,0.183,0.417,0.161,0.287875870185007,0.736842105263158,0.736842105263158,0.292,1.203,0.198,,,,,,,,,,,,,,
0771x4,0.152,0.371,0.141,0.736842105263158,0.736842105263158,0.736842105263158,0.323,1.299,0.259,,,,,,,,,,,,,,
0772x4,0.126,0.309,0.131,0.736842105263158,0.736842105263158,0.736842105263158,0.297,1.094,0.227,,,,,,,,,,,,,,
0773x4,0.12,0.383,,0.736842105263158,0.736842105263158,0.736842105263158,0.382,1.267,0.291,,,,,,,,,,,,,,
0774x4,0.359,0.462,0.297,0.736842105263158,0.736842105263158,0.736842105263158,0.338,1.266,0.236,,,,,,,,,,,,,,
0775x4,0.15,0.311,0.126,0.736842105263158,0.736842105263158,0.736842105263158,0.265,0.897,0.178,,,,,,,,,,,,,,
0776x4,0.176,0.365,0.163,0.736842105263158,0.736842105263158,0.736842105263158,0.298,1.182,0.238,,,,,,,,,,,,,,
0777x4,0.16,0.395,0.152,0.736842105263158,0.736842105263158,0.736842105263158,0.33,1.26,0.27,,,,,,,,,,,,,,
0778x4,0.131,0.282,0.156,0.736842105263158,0.736842105263158,0.736842105263158,0.321,1.249,0.256,,,,,,,,,,,,,,
0779x4,0.139,0.329,0.161,0.736842105263158,0.736842105263158,0.736842105263158,0.304,1.125,0.232,,,,,,,,,,,,,,
0780x4,0.179,0.361,0.144,0.736842105263158,0.736842105263158,0.736842105263158,0.259,1.085,0.158,,,,,,,,,,,,,,
0781x4,0.161,0.395,0.146,0.736842105263158,0.736842105263158,0.736842105263158,0.303,1.292,0.254,,,,,,,,,,,,,,
0782x4,0.1,0.328,,0.736842105263158,0.736842105263158,0.736842105263158,0.343,1.102,0.25,,,,,,,,,,,,,,
0783x4,0.245,0.407,0.246,0.736842105263158,0.736842105263158,0.736842105263158,0.317,1.13,0.197,,,,,,,,,,,,,,
0784x4,0.126,0.348,0.066,0.736842105263158,0.736842105263158,0.736842105263158,0.321,1.24,0.224,,,,,,,,,,,,,,
0785x4,0.1,0.32,0.181,0.736842105263158,0.736842105263158,0.736842105263158,0.276,1.026,0.194,,,,,,,,,,,,,,
0786x4,0.099,0.285,0.132,0.363447323516287,0.736842105263158,0.736842105263158,0.291,0.917,0.2,,,,,,,,,,,,,,
0787x4,0.188,0.335,0.096,0.736842105263158,0.736842105263158,0.736842105263158,0.322,1.152,0.258,,,,,,,,,,,,,,
0788x4,0.192,0.391,0.105,0.736842105263158,0.736842105263158,0.736842105263158,0.297,1.135,0.206,,,,,,,,,,,,,,
0789x4,0.162,0.358,0.099,0.736842105263158,0.736842105263158,0.736842105263158,0.288,1.142,0.231,,,,,,,,,,,,,,
0790x4,0.144,0.358,0.069,0.736842105263158,0.736842105263158,0.736842105263158,0.348,1.303,0.24,,,,,,,,,,,,,,
0791x4,0.149,0.32,0.122,0.736842105263158,0.736842105263158,0.736842105263158,0.3,1.082,0.223,,,,,,,,,,,,,,
0792x4,0.12,0.351,0.069,0.736842105263158,0.736842105263158,0.736842105263158,0.348,1.279,0.242,,,,,,,,,,,,,,
0793x4,0.151,0.344,0.147,0.736842105263158,0.736842105263158,0.736842105263158,0.294,1.135,0.23,,,,,,,,,,,,,,
0794x4,0.091,0.294,,0.736842105263158,0.736842105263158,0.736842105263158,0.318,1.183,0.244,,,,,,,,,,,,,,
0795x4,0.14,0.386,0.178,0.736842105263158,0.736842105263158,0.736842105263158,0.326,1.296,0.181,,,,,,,,,,,,,,
0796x4,0.148,0.378,0.107,0.736842105263158,0.736842105263158,0.736842105263158,0.305,1.265,0.246,,,,,,,,,,,,,,
0797x4,0.234,0.387,0.101,0.736842105263158,0.736842105263158,0.736842105263158,0.283,1.276,0.25,,,,,,,,,,,,,,
0798x4,0.164,0.378,0.123,0.736842105263158,0.736842105263158,0.736842105263158,0.292,1.25,0.242,,,,,,,,,,,,,,
0799x4,0.161,0.376,0.117,0.736842105263158,0.736842105263158,0.736842105263158,0.315,1.206,0.251,,,,,,,,,,,,,,
0800x4,0.115,0.33,0.054,0.736842105263158,0.736842105263158,0.736842105263158,0.325,1.259,0.253,,,,,,,,,,,,,,
