image_number,spa_R,spa_G,spa_B,triples_R,triples_G,triples_B,ws_R,ws_G,ws_B,,,,Average,spa_R,spa_G,spa_B,triples_R,triples_G,triples_B,ws_R,ws_G,ws_B
0001x2,0.197,0.53,0.215,0.736842105263158,0.736842105263158,0.736842105263158,0.389,1.453,0.379,,,,DIV2K_train_LR_bicubic_X2,0.20309022556391,0.519045,0.228227101631117,0.736842105263158,0.736842105263158,0.736842105263158,0.38580125,1.4643225,0.3777
0002x2,0.191,0.52,0.208,0.736842105263158,0.736842105263158,0.736842105263158,0.383,1.572,0.332,,,,,,,,,,,,,
0003x2,0.21,0.535,0.223,0.736842105263158,0.736842105263158,0.736842105263158,0.412,1.5,0.41,,,,,,,,,,,,,
0004x2,0.218,0.52,0.244,0.736842105263158,0.736842105263158,0.736842105263158,0.389,1.483,0.385,,,,,,,,,,,,,
0005x2,0.161,0.529,0.182,0.736842105263158,0.736842105263158,0.736842105263158,0.4,1.448,0.405,,,,,,,,,,,,,
0006x2,0.203,0.5,0.238,0.736842105263158,0.736842105263158,0.736842105263158,0.372,1.372,0.372,,,,,,,,,,,,,
0007x2,0.158,0.479,0.182,0.736842105263158,0.736842105263158,0.736842105263158,0.358,1.423,0.347,,,,,,,,,,,,,
0008x2,0.198,0.548,0.244,0.736842105263158,0.736842105263158,0.736842105263158,0.4,1.491,0.399,,,,,,,,,,,,,
0009x2,0.225,0.534,0.278,0.736842105263158,0.736842105263158,0.736842105263158,0.397,1.521,0.371,,,,,,,,,,,,,
0010x2,0.208,0.577,0.225,0.736842105263158,0.736842105263158,0.736842105263158,0.397,1.606,0.375,,,,,,,,,,,,,
0011x2,0.209,0.503,0.254,0.736842105263158,0.736842105263158,0.736842105263158,0.383,1.52,0.344,,,,,,,,,,,,,
0012x2,0.201,0.533,0.205,0.736842105263158,0.736842105263158,0.736842105263158,0.403,1.512,0.361,,,,,,,,,,,,,
0013x2,0.203,0.535,0.235,0.736842105263158,0.736842105263158,0.736842105263158,0.394,1.484,0.399,,,,,,,,,,,,,
0014x2,0.167,0.466,0.15,0.736842105263158,0.736842105263158,0.736842105263158,0.35,1.297,0.323,,,,,,,,,,,,,
0015x2,0.215,0.489,0.236,0.736842105263158,0.736842105263158,0.736842105263158,0.382,1.436,0.343,,,,,,,,,,,,,
0016x2,0.181,0.529,0.236,0.736842105263158,0.736842105263158,0.736842105263158,0.384,1.457,0.382,,,,,,,,,,,,,
0017x2,0.201,0.491,0.217,0.736842105263158,0.736842105263158,0.736842105263158,0.383,1.486,0.335,,,,,,,,,,,,,
0018x2,0.194,0.522,0.22,0.736842105263158,0.736842105263158,0.736842105263158,0.391,1.514,0.383,,,,,,,,,,,,,
0019x2,0.184,0.539,0.16,0.736842105263158,0.736842105263158,0.736842105263158,0.364,1.46,0.371,,,,,,,,,,,,,
0020x2,0.199,0.543,0.243,0.736842105263158,0.736842105263158,0.736842105263158,0.382,1.481,0.412,,,,,,,,,,,,,
0021x2,0.158,0.441,0.137,0.736842105263158,0.736842105263158,0.736842105263158,0.383,1.4,0.309,,,,,,,,,,,,,
0022x2,0.17,0.434,0.159,0.736842105263158,0.736842105263158,0.736842105263158,0.357,1.315,0.297,,,,,,,,,,,,,
0023x2,0.181,0.515,0.187,0.736842105263158,0.736842105263158,0.736842105263158,0.386,1.461,0.392,,,,,,,,,,,,,
0024x2,0.258,0.548,0.325,0.736842105263158,0.736842105263158,0.736842105263158,0.385,1.462,0.417,,,,,,,,,,,,,
0025x2,0.186,0.45,0.211,0.736842105263158,0.736842105263158,0.736842105263158,0.382,1.211,0.4,,,,,,,,,,,,,
0026x2,0.175,0.545,0.211,0.736842105263158,0.736842105263158,0.736842105263158,0.427,1.598,0.355,,,,,,,,,,,,,
0027x2,0.2,0.545,0.23,0.736842105263158,0.736842105263158,0.736842105263158,0.402,1.549,0.387,,,,,,,,,,,,,
0028x2,0.206,0.562,0.248,0.736842105263158,0.736842105263158,0.736842105263158,0.391,1.606,0.363,,,,,,,,,,,,,
0029x2,0.183,0.511,0.194,0.736842105263158,0.736842105263158,0.736842105263158,0.36,1.416,0.319,,,,,,,,,,,,,
0030x2,0.24,0.491,0.247,0.736842105263158,0.736842105263158,0.736842105263158,0.373,1.463,0.346,,,,,,,,,,,,,
0031x2,0.189,0.538,0.251,0.736842105263158,0.736842105263158,0.736842105263158,0.407,1.441,0.431,,,,,,,,,,,,,
0032x2,0.212,0.533,0.227,0.736842105263158,0.736842105263158,0.736842105263158,0.386,1.542,0.364,,,,,,,,,,,,,
0033x2,0.196,0.539,0.211,0.736842105263158,0.736842105263158,0.736842105263158,0.4,1.489,0.406,,,,,,,,,,,,,
0034x2,0.201,0.513,0.236,0.736842105263158,0.736842105263158,0.736842105263158,0.404,1.457,0.408,,,,,,,,,,,,,
0035x2,0.2,0.507,0.193,0.736842105263158,0.736842105263158,0.736842105263158,0.388,1.481,0.359,,,,,,,,,,,,,
0036x2,0.204,0.543,0.237,0.736842105263158,0.736842105263158,0.736842105263158,0.39,1.497,0.39,,,,,,,,,,,,,
0037x2,0.209,0.546,0.263,0.736842105263158,0.736842105263158,0.736842105263158,0.384,1.491,0.399,,,,,,,,,,,,,
0038x2,0.136,0.528,0.199,0.736842105263158,0.736842105263158,0.736842105263158,0.404,1.435,0.408,,,,,,,,,,,,,
0039x2,0.189,0.507,0.192,0.736842105263158,0.736842105263158,0.736842105263158,0.39,1.501,0.373,,,,,,,,,,,,,
0040x2,0.239,0.548,0.297,0.736842105263158,0.736842105263158,0.736842105263158,0.388,1.47,0.4,,,,,,,,,,,,,
0041x2,0.179,0.535,0.217,0.736842105263158,0.736842105263158,0.736842105263158,0.38,1.462,0.407,,,,,,,,,,,,,
0042x2,0.172,0.528,0.214,0.736842105263158,0.736842105263158,0.736842105263158,0.399,1.508,0.408,,,,,,,,,,,,,
0043x2,0.206,0.53,0.248,0.736842105263158,0.736842105263158,0.736842105263158,0.411,1.431,0.439,,,,,,,,,,,,,
0044x2,0.212,0.572,0.266,0.736842105263158,0.736842105263158,0.736842105263158,0.383,1.662,0.371,,,,,,,,,,,,,
0045x2,0.232,0.483,0.225,0.736842105263158,0.736842105263158,0.736842105263158,0.391,1.543,0.311,,,,,,,,,,,,,
0046x2,0.205,0.482,0.215,0.736842105263158,0.736842105263158,0.736842105263158,0.381,1.359,0.374,,,,,,,,,,,,,
0047x2,0.2,0.542,0.234,0.736842105263158,0.736842105263158,0.736842105263158,0.392,1.507,0.4,,,,,,,,,,,,,
0048x2,0.207,0.533,0.223,0.736842105263158,0.736842105263158,0.736842105263158,0.382,1.478,0.411,,,,,,,,,,,,,
0049x2,0.183,0.516,0.203,0.736842105263158,0.736842105263158,0.736842105263158,0.383,1.48,0.372,,,,,,,,,,,,,
0050x2,0.195,0.536,0.22,0.736842105263158,0.736842105263158,0.736842105263158,0.373,1.456,0.424,,,,,,,,,,,,,
0051x2,0.187,0.533,0.227,0.736842105263158,0.736842105263158,0.736842105263158,0.396,1.536,0.367,,,,,,,,,,,,,
0052x2,0.341,0.58,0.453,0.736842105263158,0.736842105263158,0.736842105263158,0.375,1.364,0.362,,,,,,,,,,,,,
0053x2,0.193,0.524,0.205,0.736842105263158,0.736842105263158,0.736842105263158,0.375,1.516,0.359,,,,,,,,,,,,,
0054x2,0.22,0.485,0.273,0.736842105263158,0.736842105263158,0.736842105263158,0.374,1.456,0.354,,,,,,,,,,,,,
0055x2,0.212,0.517,0.268,0.736842105263158,0.736842105263158,0.736842105263158,0.385,1.421,0.384,,,,,,,,,,,,,
0056x2,0.19,0.517,0.174,0.736842105263158,0.736842105263158,0.736842105263158,0.39,1.483,0.362,,,,,,,,,,,,,
0057x2,0.202,0.523,0.244,0.736842105263158,0.736842105263158,0.736842105263158,0.39,1.451,0.396,,,,,,,,,,,,,
0058x2,0.209,0.529,0.246,0.736842105263158,0.736842105263158,0.736842105263158,0.4,1.476,0.395,,,,,,,,,,,,,
0059x2,0.218,0.524,0.249,0.736842105263158,0.736842105263158,0.736842105263158,0.383,1.49,0.367,,,,,,,,,,,,,
0060x2,0.213,0.514,0.208,0.736842105263158,0.736842105263158,0.736842105263158,0.381,1.449,0.355,,,,,,,,,,,,,
0061x2,0.2,0.48,0.192,0.736842105263158,0.736842105263158,0.736842105263158,0.349,1.319,0.337,,,,,,,,,,,,,
0062x2,0.184,0.557,0.234,0.736842105263158,0.736842105263158,0.736842105263158,0.388,1.479,0.428,,,,,,,,,,,,,
0063x2,0.194,0.475,0.162,0.736842105263158,0.736842105263158,0.736842105263158,0.327,1.366,0.232,,,,,,,,,,,,,
0064x2,0.191,0.529,0.22,0.736842105263158,0.736842105263158,0.736842105263158,0.398,1.497,0.396,,,,,,,,,,,,,
0065x2,0.271,0.528,0.344,0.736842105263158,0.736842105263158,0.736842105263158,0.367,1.442,0.402,,,,,,,,,,,,,
0066x2,0.173,0.52,0.195,0.736842105263158,0.736842105263158,0.736842105263158,0.374,1.462,0.353,,,,,,,,,,,,,
0067x2,0.203,0.53,0.244,0.736842105263158,0.736842105263158,0.736842105263158,0.375,1.444,0.4,,,,,,,,,,,,,
0068x2,0.203,0.532,0.25,0.736842105263158,0.736842105263158,0.736842105263158,0.387,1.52,0.385,,,,,,,,,,,,,
0069x2,0.189,0.454,0.232,0.736842105263158,0.736842105263158,0.736842105263158,0.367,1.239,0.363,,,,,,,,,,,,,
0070x2,0.14,0.484,0.141,0.736842105263158,0.736842105263158,0.736842105263158,0.373,1.42,0.339,,,,,,,,,,,,,
0071x2,0.198,0.525,0.217,0.736842105263158,0.736842105263158,0.736842105263158,0.383,1.361,0.424,,,,,,,,,,,,,
0072x2,0.197,0.51,0.153,0.736842105263158,0.736842105263158,0.736842105263158,0.374,1.488,0.369,,,,,,,,,,,,,
0073x2,0.184,0.48,0.172,0.736842105263158,0.736842105263158,0.736842105263158,0.385,1.526,0.318,,,,,,,,,,,,,
0074x2,0.209,0.454,0.227,0.736842105263158,0.736842105263158,0.736842105263158,0.381,1.315,0.328,,,,,,,,,,,,,
0075x2,0.224,0.488,0.299,0.736842105263158,0.736842105263158,0.736842105263158,0.38,1.39,0.338,,,,,,,,,,,,,
0076x2,0.193,0.522,0.206,0.736842105263158,0.736842105263158,0.736842105263158,0.381,1.517,0.367,,,,,,,,,,,,,
0077x2,0.196,0.531,0.218,0.736842105263158,0.736842105263158,0.736842105263158,0.386,1.504,0.382,,,,,,,,,,,,,
0078x2,0.269,0.538,0.299,0.736842105263158,0.736842105263158,0.736842105263158,0.384,1.479,0.414,,,,,,,,,,,,,
0079x2,0.184,0.51,0.196,0.736842105263158,0.736842105263158,0.736842105263158,0.381,1.505,0.385,,,,,,,,,,,,,
0080x2,0.177,0.52,0.206,0.736842105263158,0.736842105263158,0.736842105263158,0.384,1.453,0.376,,,,,,,,,,,,,
0081x2,0.244,0.511,0.339,0.736842105263158,0.736842105263158,0.736842105263158,0.387,1.531,0.345,,,,,,,,,,,,,
0082x2,0.188,0.532,0.212,0.736842105263158,0.736842105263158,0.736842105263158,0.414,1.456,0.408,,,,,,,,,,,,,
0083x2,0.254,0.544,0.318,0.736842105263158,0.736842105263158,0.736842105263158,0.39,1.362,0.43,,,,,,,,,,,,,
0084x2,0.248,0.509,0.259,0.736842105263158,0.736842105263158,0.736842105263158,0.381,1.507,0.357,,,,,,,,,,,,,
0085x2,0.215,0.523,0.268,0.736842105263158,0.736842105263158,0.736842105263158,0.388,1.464,0.395,,,,,,,,,,,,,
0086x2,0.195,0.501,0.198,0.736842105263158,0.736842105263158,0.736842105263158,0.394,1.505,0.358,,,,,,,,,,,,,
0087x2,0.193,0.542,0.234,0.736842105263158,0.736842105263158,0.736842105263158,0.37,1.45,0.386,,,,,,,,,,,,,
0088x2,0.228,0.503,0.257,0.736842105263158,0.736842105263158,0.736842105263158,0.398,1.542,0.354,,,,,,,,,,,,,
0089x2,0.215,0.49,0.267,0.736842105263158,0.736842105263158,0.736842105263158,0.405,1.422,0.388,,,,,,,,,,,,,
0090x2,0.198,0.499,0.208,0.736842105263158,0.736842105263158,0.736842105263158,0.386,1.415,0.378,,,,,,,,,,,,,
0091x2,0.206,0.528,0.215,0.736842105263158,0.736842105263158,0.736842105263158,0.384,1.466,0.381,,,,,,,,,,,,,
0092x2,0.19,0.51,0.236,0.736842105263158,0.736842105263158,0.736842105263158,0.39,1.47,0.367,,,,,,,,,,,,,
0093x2,0.201,0.517,0.165,0.736842105263158,0.736842105263158,0.736842105263158,0.373,1.465,0.335,,,,,,,,,,,,,
0094x2,0.163,0.525,0.152,0.736842105263158,0.736842105263158,0.736842105263158,0.386,1.435,0.377,,,,,,,,,,,,,
0095x2,0.229,0.503,0.234,0.736842105263158,0.736842105263158,0.736842105263158,0.388,1.474,0.356,,,,,,,,,,,,,
0096x2,0.237,0.501,0.279,0.736842105263158,0.736842105263158,0.736842105263158,0.389,1.471,0.364,,,,,,,,,,,,,
0097x2,0.197,0.491,0.188,0.736842105263158,0.736842105263158,0.736842105263158,0.398,1.521,0.338,,,,,,,,,,,,,
0098x2,0.2,0.549,0.236,0.736842105263158,0.736842105263158,0.736842105263158,0.395,1.601,0.403,,,,,,,,,,,,,
0099x2,0.222,0.544,0.252,0.736842105263158,0.736842105263158,0.736842105263158,0.392,1.521,0.402,,,,,,,,,,,,,
0100x2,0.196,0.524,0.217,0.736842105263158,0.736842105263158,0.736842105263158,0.386,1.508,0.399,,,,,,,,,,,,,
0101x2,0.197,0.538,0.218,0.736842105263158,0.736842105263158,0.736842105263158,0.411,1.646,0.382,,,,,,,,,,,,,
0102x2,0.27,0.529,0.263,0.736842105263158,0.736842105263158,0.736842105263158,0.374,1.392,0.402,,,,,,,,,,,,,
0103x2,0.208,0.525,0.232,0.736842105263158,0.736842105263158,0.736842105263158,0.39,1.412,0.42,,,,,,,,,,,,,
0104x2,0.21,0.528,0.237,0.736842105263158,0.736842105263158,0.736842105263158,0.382,1.446,0.367,,,,,,,,,,,,,
0105x2,0.199,0.516,0.201,0.736842105263158,0.736842105263158,0.736842105263158,0.37,1.425,0.383,,,,,,,,,,,,,
0106x2,0.186,0.509,0.167,0.736842105263158,0.736842105263158,0.736842105263158,0.391,1.511,0.346,,,,,,,,,,,,,
0107x2,0.194,0.469,0.203,0.736842105263158,0.736842105263158,0.736842105263158,0.356,1.38,0.309,,,,,,,,,,,,,
0108x2,0.247,0.546,0.28,0.736842105263158,0.736842105263158,0.736842105263158,0.39,1.537,0.382,,,,,,,,,,,,,
0109x2,0.241,0.525,0.264,0.736842105263158,0.736842105263158,0.736842105263158,0.388,1.474,0.398,,,,,,,,,,,,,
0110x2,0.252,0.549,0.307,0.736842105263158,0.736842105263158,0.736842105263158,0.392,1.486,0.424,,,,,,,,,,,,,
0111x2,0.187,0.512,0.211,0.736842105263158,0.736842105263158,0.736842105263158,0.386,1.464,0.374,,,,,,,,,,,,,
0112x2,0.194,0.482,0.226,0.736842105263158,0.736842105263158,0.736842105263158,0.374,1.35,0.382,,,,,,,,,,,,,
0113x2,0.231,0.519,0.255,0.736842105263158,0.736842105263158,0.736842105263158,0.383,1.539,0.361,,,,,,,,,,,,,
0114x2,0.211,0.486,0.273,0.736842105263158,0.736842105263158,0.736842105263158,0.384,1.319,0.376,,,,,,,,,,,,,
0115x2,0.199,0.539,0.227,0.736842105263158,0.736842105263158,0.736842105263158,0.406,1.641,0.394,,,,,,,,,,,,,
0116x2,0.207,0.515,0.243,0.736842105263158,0.736842105263158,0.736842105263158,0.392,1.46,0.376,,,,,,,,,,,,,
0117x2,0.214,0.495,0.211,0.736842105263158,0.736842105263158,0.736842105263158,0.399,1.533,0.333,,,,,,,,,,,,,
0118x2,0.207,0.544,0.239,0.736842105263158,0.736842105263158,0.736842105263158,0.384,1.48,0.389,,,,,,,,,,,,,
0119x2,0.172,0.473,0.194,0.736842105263158,0.736842105263158,0.736842105263158,0.371,1.346,0.372,,,,,,,,,,,,,
0120x2,0.201,0.529,0.224,0.736842105263158,0.736842105263158,0.736842105263158,0.405,1.481,0.425,,,,,,,,,,,,,
0121x2,0.206,0.538,0.262,0.736842105263158,0.736842105263158,0.736842105263158,0.395,1.482,0.409,,,,,,,,,,,,,
0122x2,0.242,0.51,0.276,0.736842105263158,0.736842105263158,0.736842105263158,0.371,1.365,0.426,,,,,,,,,,,,,
0123x2,0.201,0.555,0.254,0.736842105263158,0.736842105263158,0.736842105263158,0.398,1.582,0.391,,,,,,,,,,,,,
0124x2,0.21,0.484,0.235,0.736842105263158,0.736842105263158,0.736842105263158,0.388,1.364,0.391,,,,,,,,,,,,,
0125x2,0.212,0.501,0.236,0.736842105263158,0.736842105263158,0.736842105263158,0.38,1.457,0.367,,,,,,,,,,,,,
0126x2,0.236,0.557,0.245,0.736842105263158,0.736842105263158,0.736842105263158,0.401,1.533,0.361,,,,,,,,,,,,,
0127x2,0.209,0.532,0.247,0.736842105263158,0.736842105263158,0.736842105263158,0.385,1.5,0.394,,,,,,,,,,,,,
0128x2,0.19,0.508,0.179,0.736842105263158,0.736842105263158,0.736842105263158,0.395,1.464,0.373,,,,,,,,,,,,,
0129x2,0.209,0.534,0.26,0.736842105263158,0.736842105263158,0.736842105263158,0.371,1.414,0.419,,,,,,,,,,,,,
0130x2,0.232,0.493,0.262,0.736842105263158,0.736842105263158,0.736842105263158,0.377,1.484,0.381,,,,,,,,,,,,,
0131x2,0.178,0.516,0.226,0.736842105263158,0.736842105263158,0.736842105263158,0.384,1.482,0.375,,,,,,,,,,,,,
0132x2,0.198,0.511,0.213,0.736842105263158,0.736842105263158,0.736842105263158,0.364,1.481,0.432,,,,,,,,,,,,,
0133x2,0.206,0.527,0.256,0.736842105263158,0.736842105263158,0.736842105263158,0.398,1.498,0.39,,,,,,,,,,,,,
0134x2,0.204,0.522,0.218,0.736842105263158,0.736842105263158,0.736842105263158,0.377,1.483,0.369,,,,,,,,,,,,,
0135x2,0.194,0.539,0.212,0.736842105263158,0.736842105263158,0.736842105263158,0.399,1.507,0.38,,,,,,,,,,,,,
0136x2,0.201,0.533,0.216,0.736842105263158,0.736842105263158,0.736842105263158,0.394,1.486,0.39,,,,,,,,,,,,,
0137x2,0.202,0.538,0.23,0.736842105263158,0.736842105263158,0.736842105263158,0.396,1.441,0.432,,,,,,,,,,,,,
0138x2,0.211,0.534,0.233,0.736842105263158,0.736842105263158,0.736842105263158,0.388,1.466,0.381,,,,,,,,,,,,,
0139x2,0.238,0.525,0.248,0.736842105263158,0.736842105263158,0.736842105263158,0.373,1.439,0.307,,,,,,,,,,,,,
0140x2,0.207,0.497,0.213,0.736842105263158,0.736842105263158,0.736842105263158,0.37,1.471,0.36,,,,,,,,,,,,,
0141x2,0.216,0.535,0.25,0.736842105263158,0.736842105263158,0.736842105263158,0.383,1.479,0.378,,,,,,,,,,,,,
0142x2,0.214,0.485,0.192,0.736842105263158,0.736842105263158,0.736842105263158,0.376,1.454,0.309,,,,,,,,,,,,,
0143x2,0.194,0.551,0.239,0.736842105263158,0.736842105263158,0.736842105263158,0.404,1.477,0.438,,,,,,,,,,,,,
0144x2,0.22,0.552,0.332,0.736842105263158,0.736842105263158,0.736842105263158,0.41,1.527,0.429,,,,,,,,,,,,,
0145x2,0.114,0.409,0.181,0.736842105263158,0.736842105263158,0.736842105263158,0.378,1.511,0.266,,,,,,,,,,,,,
0146x2,0.177,0.498,0.201,0.736842105263158,0.736842105263158,0.736842105263158,0.38,1.501,0.35,,,,,,,,,,,,,
0147x2,0.203,0.531,0.238,0.736842105263158,0.736842105263158,0.736842105263158,0.402,1.519,0.372,,,,,,,,,,,,,
0148x2,0.23,0.496,0.266,0.736842105263158,0.736842105263158,0.736842105263158,0.397,1.504,0.353,,,,,,,,,,,,,
0149x2,0.209,0.526,0.211,0.736842105263158,0.736842105263158,0.736842105263158,0.39,1.526,0.346,,,,,,,,,,,,,
0150x2,0.187,0.466,0.21,0.736842105263158,0.736842105263158,0.736842105263158,0.382,1.249,0.396,,,,,,,,,,,,,
0151x2,0.2,0.546,0.251,0.736842105263158,0.736842105263158,0.736842105263158,0.414,1.377,0.444,,,,,,,,,,,,,
0152x2,0.221,0.536,0.245,0.736842105263158,0.736842105263158,0.736842105263158,0.396,1.469,0.403,,,,,,,,,,,,,
0153x2,0.193,0.516,0.186,0.736842105263158,0.736842105263158,0.736842105263158,0.393,1.487,0.369,,,,,,,,,,,,,
0154x2,0.218,0.529,0.214,0.736842105263158,0.736842105263158,0.736842105263158,0.402,1.483,0.385,,,,,,,,,,,,,
0155x2,0.194,0.559,0.158,0.736842105263158,0.736842105263158,0.736842105263158,0.402,1.654,0.351,,,,,,,,,,,,,
0156x2,0.184,0.516,0.194,0.736842105263158,0.736842105263158,0.736842105263158,0.389,1.469,0.38,,,,,,,,,,,,,
0157x2,0.213,0.54,0.263,0.736842105263158,0.736842105263158,0.736842105263158,0.386,1.48,0.411,,,,,,,,,,,,,
0158x2,0.188,0.484,0.159,0.736842105263158,0.736842105263158,0.736842105263158,0.383,1.443,0.331,,,,,,,,,,,,,
0159x2,0.197,0.497,0.209,0.736842105263158,0.736842105263158,0.736842105263158,0.389,1.443,0.374,,,,,,,,,,,,,
0160x2,0.2,0.525,0.205,0.736842105263158,0.736842105263158,0.736842105263158,0.389,1.448,0.354,,,,,,,,,,,,,
0161x2,0.182,0.49,0.233,0.736842105263158,0.736842105263158,0.736842105263158,0.385,1.447,0.352,,,,,,,,,,,,,
0162x2,0.178,0.509,0.221,0.736842105263158,0.736842105263158,0.736842105263158,0.39,1.364,0.41,,,,,,,,,,,,,
0163x2,0.21,0.515,0.215,0.736842105263158,0.736842105263158,0.736842105263158,0.381,1.485,0.353,,,,,,,,,,,,,
0164x2,0.2,0.539,0.236,0.736842105263158,0.736842105263158,0.736842105263158,0.388,1.506,0.39,,,,,,,,,,,,,
0165x2,0.214,0.539,0.269,0.736842105263158,0.736842105263158,0.736842105263158,0.375,1.467,0.404,,,,,,,,,,,,,
0166x2,0.223,0.518,0.284,0.736842105263158,0.736842105263158,0.736842105263158,0.398,1.462,0.393,,,,,,,,,,,,,
0167x2,0.206,0.489,0.223,0.736842105263158,0.736842105263158,0.736842105263158,0.391,1.367,0.372,,,,,,,,,,,,,
0168x2,0.184,0.521,0.211,0.736842105263158,0.736842105263158,0.736842105263158,0.388,1.445,0.392,,,,,,,,,,,,,
0169x2,0.22,0.543,0.216,0.736842105263158,0.736842105263158,0.736842105263158,0.392,1.457,0.396,,,,,,,,,,,,,
0170x2,0.135,0.502,0.164,0.736842105263158,0.736842105263158,0.736842105263158,0.364,1.443,0.358,,,,,,,,,,,,,
0171x2,0.243,0.511,0.263,0.736842105263158,0.736842105263158,0.736842105263158,0.382,1.536,0.333,,,,,,,,,,,,,
0172x2,0.183,0.521,0.279,0.736842105263158,0.736842105263158,0.736842105263158,0.383,1.504,0.387,,,,,,,,,,,,,
0173x2,0.193,0.52,0.192,0.736842105263158,0.736842105263158,0.736842105263158,0.397,1.487,0.395,,,,,,,,,,,,,
0174x2,0.115,0.483,0.136,0.736842105263158,0.736842105263158,0.736842105263158,0.348,1.435,0.323,,,,,,,,,,,,,
0175x2,0.183,0.525,0.182,0.736842105263158,0.736842105263158,0.736842105263158,0.401,1.347,0.408,,,,,,,,,,,,,
0176x2,0.203,0.536,0.213,0.736842105263158,0.736842105263158,0.736842105263158,0.413,1.645,0.371,,,,,,,,,,,,,
0177x2,0.22,0.532,0.246,0.736842105263158,0.736842105263158,0.736842105263158,0.376,1.459,0.397,,,,,,,,,,,,,
0178x2,0.201,0.508,0.25,0.736842105263158,0.736842105263158,0.736842105263158,0.383,1.409,0.37,,,,,,,,,,,,,
0179x2,0.195,0.534,0.22,0.736842105263158,0.736842105263158,0.736842105263158,0.38,1.462,0.405,,,,,,,,,,,,,
0180x2,0.206,0.534,0.257,0.736842105263158,0.736842105263158,0.736842105263158,0.377,1.456,0.383,,,,,,,,,,,,,
0181x2,0.228,0.567,0.304,0.736842105263158,0.736842105263158,0.736842105263158,0.389,1.551,0.398,,,,,,,,,,,,,
0182x2,0.143,0.526,0.172,0.736842105263158,0.736842105263158,0.736842105263158,0.384,1.489,0.391,,,,,,,,,,,,,
0183x2,0.198,0.514,0.225,0.736842105263158,0.736842105263158,0.736842105263158,0.389,1.457,0.358,,,,,,,,,,,,,
0184x2,0.199,0.511,0.187,0.736842105263158,0.736842105263158,0.736842105263158,0.385,1.473,0.403,,,,,,,,,,,,,
0185x2,0.196,0.519,0.231,0.736842105263158,0.736842105263158,0.736842105263158,0.385,1.425,0.402,,,,,,,,,,,,,
0186x2,0.195,0.516,0.213,0.736842105263158,0.736842105263158,0.736842105263158,0.39,1.515,0.363,,,,,,,,,,,,,
0187x2,0.224,0.538,0.249,0.736842105263158,0.736842105263158,0.736842105263158,0.394,1.476,0.414,,,,,,,,,,,,,
0188x2,0.188,0.543,0.204,0.736842105263158,0.736842105263158,0.736842105263158,0.408,1.554,0.41,,,,,,,,,,,,,
0189x2,0.148,0.47,0.17,0.736842105263158,0.736842105263158,0.736842105263158,0.37,1.45,0.329,,,,,,,,,,,,,
0190x2,0.119,0.539,0.136,0.736842105263158,0.736842105263158,0.736842105263158,0.394,1.492,0.409,,,,,,,,,,,,,
0191x2,0.217,0.516,0.252,0.736842105263158,0.736842105263158,0.736842105263158,0.392,1.407,0.4,,,,,,,,,,,,,
0192x2,0.244,0.538,0.27,0.736842105263158,0.736842105263158,0.736842105263158,0.392,1.415,0.379,,,,,,,,,,,,,
0193x2,0.217,0.527,0.251,0.736842105263158,0.736842105263158,0.736842105263158,0.396,1.45,0.391,,,,,,,,,,,,,
0194x2,0.198,0.537,0.221,0.736842105263158,0.736842105263158,0.736842105263158,0.395,1.481,0.406,,,,,,,,,,,,,
0195x2,0.2,0.531,0.228,0.736842105263158,0.736842105263158,0.736842105263158,0.384,1.452,0.397,,,,,,,,,,,,,
0196x2,0.194,0.516,0.205,0.736842105263158,0.736842105263158,0.736842105263158,0.376,1.432,0.384,,,,,,,,,,,,,
0197x2,0.192,0.518,0.24,0.736842105263158,0.736842105263158,0.736842105263158,0.397,1.417,0.402,,,,,,,,,,,,,
0198x2,0.194,0.542,0.239,0.736842105263158,0.736842105263158,0.736842105263158,0.38,1.511,0.394,,,,,,,,,,,,,
0199x2,0.213,0.554,0.246,0.736842105263158,0.736842105263158,0.736842105263158,0.383,1.569,0.403,,,,,,,,,,,,,
0200x2,0.252,0.56,0.336,0.736842105263158,0.736842105263158,0.736842105263158,0.396,1.51,0.416,,,,,,,,,,,,,
0201x2,0.191,0.498,0.213,0.736842105263158,0.736842105263158,0.736842105263158,0.377,1.469,0.302,,,,,,,,,,,,,
0202x2,0.203,0.532,0.2,0.736842105263158,0.736842105263158,0.736842105263158,0.402,1.455,0.428,,,,,,,,,,,,,
0203x2,0.204,0.518,0.229,0.736842105263158,0.736842105263158,0.736842105263158,0.339,1.371,0.375,,,,,,,,,,,,,
0204x2,0.207,0.496,0.245,0.736842105263158,0.736842105263158,0.736842105263158,0.378,1.403,0.35,,,,,,,,,,,,,
0205x2,,0.394,0.196,0.736842105263158,0.736842105263158,0.736842105263158,0.372,1.231,0.325,,,,,,,,,,,,,
0206x2,0.176,0.514,0.203,0.736842105263158,0.736842105263158,0.736842105263158,0.387,1.475,0.363,,,,,,,,,,,,,
0207x2,0.195,0.517,0.216,0.736842105263158,0.736842105263158,0.736842105263158,0.402,1.475,0.41,,,,,,,,,,,,,
0208x2,0.171,0.521,0.197,0.736842105263158,0.736842105263158,0.736842105263158,0.375,1.463,0.374,,,,,,,,,,,,,
0209x2,0.196,0.523,0.208,0.736842105263158,0.736842105263158,0.736842105263158,0.388,1.506,0.367,,,,,,,,,,,,,
0210x2,0.141,0.535,0.138,0.736842105263158,0.736842105263158,0.736842105263158,0.424,1.468,0.437,,,,,,,,,,,,,
0211x2,0.321,0.537,0.328,0.736842105263158,0.736842105263158,0.736842105263158,0.36,1.445,0.382,,,,,,,,,,,,,
0212x2,0.217,0.561,0.252,0.736842105263158,0.736842105263158,0.736842105263158,0.392,1.574,0.379,,,,,,,,,,,,,
0213x2,0.193,0.515,0.211,0.736842105263158,0.736842105263158,0.736842105263158,0.379,1.406,0.377,,,,,,,,,,,,,
0214x2,0.218,0.475,0.259,0.736842105263158,0.736842105263158,0.736842105263158,0.37,1.328,0.33,,,,,,,,,,,,,
0215x2,0.219,0.552,0.263,0.736842105263158,0.736842105263158,0.736842105263158,0.401,1.521,0.404,,,,,,,,,,,,,
0216x2,0.222,0.504,0.227,0.736842105263158,0.736842105263158,0.736842105263158,0.379,1.408,0.352,,,,,,,,,,,,,
0217x2,0.213,0.572,0.252,0.736842105263158,0.736842105263158,0.736842105263158,0.391,1.675,0.369,,,,,,,,,,,,,
0218x2,0.189,0.506,0.232,0.736842105263158,0.736842105263158,0.736842105263158,0.383,1.503,0.389,,,,,,,,,,,,,
0219x2,0.192,0.527,0.215,0.736842105263158,0.736842105263158,0.736842105263158,0.388,1.468,0.414,,,,,,,,,,,,,
0220x2,0.202,0.51,0.217,0.736842105263158,0.736842105263158,0.736842105263158,0.384,1.454,0.371,,,,,,,,,,,,,
0221x2,0.216,0.545,0.254,0.736842105263158,0.736842105263158,0.736842105263158,0.389,1.481,0.386,,,,,,,,,,,,,
0222x2,0.158,0.484,0.174,0.736842105263158,0.736842105263158,0.736842105263158,0.362,1.426,0.346,,,,,,,,,,,,,
0223x2,0.212,0.532,0.258,0.736842105263158,0.736842105263158,0.736842105263158,0.392,1.468,0.42,,,,,,,,,,,,,
0224x2,0.207,0.529,0.204,0.736842105263158,0.736842105263158,0.736842105263158,0.4,1.481,0.386,,,,,,,,,,,,,
0225x2,0.23,0.521,0.261,0.736842105263158,0.736842105263158,0.736842105263158,0.391,1.476,0.391,,,,,,,,,,,,,
0226x2,0.187,0.482,0.208,0.736842105263158,0.736842105263158,0.736842105263158,0.353,1.39,0.327,,,,,,,,,,,,,
0227x2,0.179,0.483,0.174,0.736842105263158,0.736842105263158,0.736842105263158,0.383,1.331,0.381,,,,,,,,,,,,,
0228x2,0.195,0.531,0.221,0.736842105263158,0.736842105263158,0.736842105263158,0.374,1.443,0.395,,,,,,,,,,,,,
0229x2,0.168,0.522,0.201,0.736842105263158,0.736842105263158,0.736842105263158,0.383,1.482,0.383,,,,,,,,,,,,,
0230x2,0.182,0.53,0.22,0.736842105263158,0.736842105263158,0.736842105263158,0.385,1.475,0.411,,,,,,,,,,,,,
0231x2,0.227,0.557,0.275,0.736842105263158,0.736842105263158,0.736842105263158,0.393,1.459,0.43,,,,,,,,,,,,,
0232x2,0.202,0.488,0.209,0.736842105263158,0.736842105263158,0.736842105263158,0.377,1.436,0.349,,,,,,,,,,,,,
0233x2,0.195,0.513,0.209,0.736842105263158,0.736842105263158,0.736842105263158,0.382,1.449,0.372,,,,,,,,,,,,,
0234x2,0.201,0.519,0.218,0.736842105263158,0.736842105263158,0.736842105263158,0.377,1.54,0.36,,,,,,,,,,,,,
0235x2,0.191,0.501,0.224,0.736842105263158,0.736842105263158,0.736842105263158,0.376,1.514,0.369,,,,,,,,,,,,,
0236x2,0.246,0.526,0.251,0.736842105263158,0.736842105263158,0.736842105263158,0.393,1.489,0.361,,,,,,,,,,,,,
0237x2,0.181,0.5,0.159,0.736842105263158,0.736842105263158,0.736842105263158,0.379,1.51,0.329,,,,,,,,,,,,,
0238x2,0.203,0.503,0.224,0.736842105263158,0.736842105263158,0.736842105263158,0.372,1.32,0.402,,,,,,,,,,,,,
0239x2,0.207,0.515,0.263,0.736842105263158,0.736842105263158,0.736842105263158,0.377,1.418,0.368,,,,,,,,,,,,,
0240x2,0.194,0.545,0.212,0.736842105263158,0.736842105263158,0.736842105263158,0.393,1.571,0.34,,,,,,,,,,,,,
0241x2,0.178,0.533,0.223,0.736842105263158,0.736842105263158,0.736842105263158,0.385,1.457,0.42,,,,,,,,,,,,,
0242x2,0.234,0.535,0.281,0.736842105263158,0.736842105263158,0.736842105263158,0.381,1.506,0.389,,,,,,,,,,,,,
0243x2,0.17,0.39,0.193,0.736842105263158,0.736842105263158,0.736842105263158,0.339,1.128,0.33,,,,,,,,,,,,,
0244x2,0.212,0.523,0.232,0.736842105263158,0.736842105263158,0.736842105263158,0.389,1.503,0.364,,,,,,,,,,,,,
0245x2,0.245,0.524,0.236,0.736842105263158,0.736842105263158,0.736842105263158,0.379,1.56,0.386,,,,,,,,,,,,,
0246x2,0.196,0.485,0.192,0.736842105263158,0.736842105263158,0.736842105263158,0.374,1.39,0.341,,,,,,,,,,,,,
0247x2,0.192,0.513,0.225,0.736842105263158,0.736842105263158,0.736842105263158,0.38,1.476,0.37,,,,,,,,,,,,,
0248x2,0.211,0.519,0.241,0.736842105263158,0.736842105263158,0.736842105263158,0.395,1.513,0.391,,,,,,,,,,,,,
0249x2,0.241,0.512,0.29,0.736842105263158,0.736842105263158,0.736842105263158,0.388,1.429,0.367,,,,,,,,,,,,,
0250x2,0.196,0.535,0.209,0.736842105263158,0.736842105263158,0.736842105263158,0.377,1.505,0.375,,,,,,,,,,,,,
0251x2,0.194,0.529,0.223,0.736842105263158,0.736842105263158,0.736842105263158,0.392,1.47,0.389,,,,,,,,,,,,,
0252x2,0.207,0.533,0.253,0.736842105263158,0.736842105263158,0.736842105263158,0.385,1.482,0.383,,,,,,,,,,,,,
0253x2,0.184,0.536,0.196,0.736842105263158,0.736842105263158,0.736842105263158,0.384,1.483,0.403,,,,,,,,,,,,,
0254x2,0.226,0.534,0.242,0.736842105263158,0.736842105263158,0.736842105263158,0.4,1.494,0.43,,,,,,,,,,,,,
0255x2,0.192,0.521,0.218,0.736842105263158,0.736842105263158,0.736842105263158,0.383,1.433,0.397,,,,,,,,,,,,,
0256x2,0.217,0.55,0.228,0.736842105263158,0.736842105263158,0.736842105263158,0.402,1.537,0.357,,,,,,,,,,,,,
0257x2,0.217,0.503,0.282,0.736842105263158,0.736842105263158,0.736842105263158,0.386,1.494,0.344,,,,,,,,,,,,,
0258x2,0.179,0.536,0.199,0.736842105263158,0.736842105263158,0.736842105263158,0.398,1.505,0.38,,,,,,,,,,,,,
0259x2,0.186,0.518,0.209,0.736842105263158,0.736842105263158,0.736842105263158,0.397,1.527,0.354,,,,,,,,,,,,,
0260x2,0.184,0.528,0.203,0.736842105263158,0.736842105263158,0.736842105263158,0.376,1.494,0.392,,,,,,,,,,,,,
0261x2,0.226,0.555,0.226,0.736842105263158,0.736842105263158,0.736842105263158,0.405,1.421,0.374,,,,,,,,,,,,,
0262x2,0.169,0.502,0.234,0.736842105263158,0.736842105263158,0.736842105263158,0.381,1.518,0.341,,,,,,,,,,,,,
0263x2,0.204,0.534,0.238,0.736842105263158,0.736842105263158,0.736842105263158,0.396,1.518,0.388,,,,,,,,,,,,,
0264x2,0.206,0.516,0.217,0.736842105263158,0.736842105263158,0.736842105263158,0.383,1.502,0.375,,,,,,,,,,,,,
0265x2,0.213,0.496,0.247,0.736842105263158,0.736842105263158,0.736842105263158,0.384,1.458,0.336,,,,,,,,,,,,,
0266x2,0.211,0.494,0.209,0.736842105263158,0.736842105263158,0.736842105263158,0.377,1.461,0.367,,,,,,,,,,,,,
0267x2,0.199,0.537,0.232,0.736842105263158,0.736842105263158,0.736842105263158,0.394,1.498,0.384,,,,,,,,,,,,,
0268x2,0.196,0.54,0.228,0.736842105263158,0.736842105263158,0.736842105263158,0.391,1.471,0.4,,,,,,,,,,,,,
0269x2,0.206,0.54,0.228,0.736842105263158,0.736842105263158,0.736842105263158,0.404,1.538,0.379,,,,,,,,,,,,,
0270x2,0.183,0.508,0.195,0.736842105263158,0.736842105263158,0.736842105263158,0.376,1.495,0.352,,,,,,,,,,,,,
0271x2,0.188,0.479,0.172,0.736842105263158,0.736842105263158,0.736842105263158,0.395,1.459,0.341,,,,,,,,,,,,,
0272x2,0.176,0.512,0.149,0.736842105263158,0.736842105263158,0.736842105263158,0.385,1.468,0.373,,,,,,,,,,,,,
0273x2,0.222,0.531,0.265,0.736842105263158,0.736842105263158,0.736842105263158,0.395,1.504,0.382,,,,,,,,,,,,,
0274x2,0.223,0.542,0.238,0.736842105263158,0.736842105263158,0.736842105263158,0.395,1.463,0.397,,,,,,,,,,,,,
0275x2,0.219,0.518,0.226,0.736842105263158,0.736842105263158,0.736842105263158,0.388,1.545,0.364,,,,,,,,,,,,,
0276x2,0.18,0.527,0.196,0.736842105263158,0.736842105263158,0.736842105263158,0.39,1.583,0.376,,,,,,,,,,,,,
0277x2,0.189,0.51,0.195,0.736842105263158,0.736842105263158,0.736842105263158,0.389,1.452,0.383,,,,,,,,,,,,,
0278x2,0.208,0.481,0.222,0.736842105263158,0.736842105263158,0.736842105263158,0.397,1.361,0.4,,,,,,,,,,,,,
0279x2,0.207,0.535,0.225,0.736842105263158,0.736842105263158,0.736842105263158,0.401,1.464,0.406,,,,,,,,,,,,,
0280x2,0.191,0.491,0.209,0.736842105263158,0.736842105263158,0.736842105263158,0.377,1.404,0.37,,,,,,,,,,,,,
0281x2,0.265,0.445,0.249,0.736842105263158,0.736842105263158,0.736842105263158,0.352,1.271,0.282,,,,,,,,,,,,,
0282x2,0.227,0.531,0.27,0.736842105263158,0.736842105263158,0.736842105263158,0.394,1.48,0.41,,,,,,,,,,,,,
0283x2,0.192,0.507,0.203,0.736842105263158,0.736842105263158,0.736842105263158,0.368,1.441,0.354,,,,,,,,,,,,,
0284x2,0.212,0.547,0.26,0.736842105263158,0.736842105263158,0.736842105263158,0.389,1.535,0.407,,,,,,,,,,,,,
0285x2,0.193,0.472,0.173,0.736842105263158,0.736842105263158,0.736842105263158,0.395,1.305,0.401,,,,,,,,,,,,,
0286x2,0.204,0.472,0.214,0.736842105263158,0.736842105263158,0.736842105263158,0.369,1.485,0.315,,,,,,,,,,,,,
0287x2,0.191,0.498,0.219,0.736842105263158,0.736842105263158,0.736842105263158,0.379,1.494,0.36,,,,,,,,,,,,,
0288x2,0.152,0.527,0.25,0.736842105263158,0.736842105263158,0.736842105263158,0.35,1.462,0.361,,,,,,,,,,,,,
0289x2,0.154,0.478,0.169,0.736842105263158,0.736842105263158,0.736842105263158,0.359,1.346,0.361,,,,,,,,,,,,,
0290x2,0.236,0.52,0.266,0.736842105263158,0.736842105263158,0.736842105263158,0.384,1.509,0.375,,,,,,,,,,,,,
0291x2,0.157,0.552,,0.736842105263158,0.736842105263158,0.736842105263158,0.402,1.41,0.382,,,,,,,,,,,,,
0292x2,0.173,0.508,0.199,0.736842105263158,0.736842105263158,0.736842105263158,0.391,1.503,0.353,,,,,,,,,,,,,
0293x2,0.184,0.486,0.192,0.736842105263158,0.736842105263158,0.736842105263158,0.374,1.415,0.331,,,,,,,,,,,,,
0294x2,0.209,0.532,0.217,0.736842105263158,0.736842105263158,0.736842105263158,0.384,1.516,0.39,,,,,,,,,,,,,
0295x2,0.203,0.557,0.295,0.736842105263158,0.736842105263158,0.736842105263158,0.4,1.529,0.403,,,,,,,,,,,,,
0296x2,0.208,0.522,0.25,0.736842105263158,0.736842105263158,0.736842105263158,0.395,1.465,0.385,,,,,,,,,,,,,
0297x2,0.249,0.542,0.261,0.736842105263158,0.736842105263158,0.736842105263158,0.417,1.488,0.381,,,,,,,,,,,,,
0298x2,0.231,0.544,0.302,0.736842105263158,0.736842105263158,0.736842105263158,0.389,1.461,0.405,,,,,,,,,,,,,
0299x2,0.137,0.489,0.117,0.736842105263158,0.736842105263158,0.736842105263158,0.373,1.462,0.319,,,,,,,,,,,,,
0300x2,0.213,0.491,0.216,0.736842105263158,0.736842105263158,0.736842105263158,0.37,1.477,0.318,,,,,,,,,,,,,
0301x2,0.193,0.525,0.234,0.736842105263158,0.736842105263158,0.736842105263158,0.396,1.474,0.407,,,,,,,,,,,,,
0302x2,0.183,0.549,0.204,0.736842105263158,0.736842105263158,0.736842105263158,0.382,1.434,0.4,,,,,,,,,,,,,
0303x2,0.227,0.484,0.259,0.736842105263158,0.736842105263158,0.736842105263158,0.393,1.339,0.425,,,,,,,,,,,,,
0304x2,0.242,0.55,0.294,0.736842105263158,0.736842105263158,0.736842105263158,0.399,1.455,0.432,,,,,,,,,,,,,
0305x2,0.191,0.492,0.223,0.736842105263158,0.736842105263158,0.736842105263158,0.352,1.366,0.311,,,,,,,,,,,,,
0306x2,0.157,0.464,0.186,0.736842105263158,0.736842105263158,0.736842105263158,0.382,1.431,0.347,,,,,,,,,,,,,
0307x2,0.242,0.537,0.279,0.736842105263158,0.736842105263158,0.736842105263158,0.384,1.527,0.407,,,,,,,,,,,,,
0308x2,0.222,0.549,0.262,0.736842105263158,0.736842105263158,0.736842105263158,0.412,1.491,0.425,,,,,,,,,,,,,
0309x2,0.203,0.527,0.212,0.736842105263158,0.736842105263158,0.736842105263158,0.397,1.524,0.356,,,,,,,,,,,,,
0310x2,0.222,0.554,0.251,0.736842105263158,0.736842105263158,0.736842105263158,0.405,1.493,0.404,,,,,,,,,,,,,
0311x2,0.228,0.458,0.21,0.736842105263158,0.736842105263158,0.736842105263158,0.36,1.485,0.307,,,,,,,,,,,,,
0312x2,0.19,0.505,0.22,0.736842105263158,0.736842105263158,0.736842105263158,0.374,1.386,0.377,,,,,,,,,,,,,
0313x2,0.202,0.419,0.211,0.736842105263158,0.736842105263158,0.736842105263158,0.357,1.216,0.311,,,,,,,,,,,,,
0314x2,0.158,0.52,0.174,0.736842105263158,0.736842105263158,0.736842105263158,0.398,1.509,0.372,,,,,,,,,,,,,
0315x2,0.217,0.504,0.246,0.736842105263158,0.736842105263158,0.736842105263158,0.392,1.455,0.377,,,,,,,,,,,,,
0316x2,0.169,0.521,0.175,0.736842105263158,0.736842105263158,0.736842105263158,0.381,1.432,0.417,,,,,,,,,,,,,
0317x2,0.202,0.529,0.215,0.736842105263158,0.736842105263158,0.736842105263158,0.376,1.492,0.36,,,,,,,,,,,,,
0318x2,0.227,0.532,0.265,0.736842105263158,0.736842105263158,0.736842105263158,0.395,1.492,0.39,,,,,,,,,,,,,
0319x2,0.216,0.531,0.253,0.736842105263158,0.736842105263158,0.736842105263158,0.396,1.495,0.39,,,,,,,,,,,,,
0320x2,,0.57,,0.736842105263158,0.736842105263158,0.736842105263158,0.384,1.511,0.423,,,,,,,,,,,,,
0321x2,0.21,0.539,0.214,0.736842105263158,0.736842105263158,0.736842105263158,0.387,1.524,0.392,,,,,,,,,,,,,
0322x2,0.221,0.552,0.254,0.736842105263158,0.736842105263158,0.736842105263158,0.395,1.575,0.389,,,,,,,,,,,,,
0323x2,0.196,0.545,0.24,0.736842105263158,0.736842105263158,0.736842105263158,0.415,1.553,0.407,,,,,,,,,,,,,
0324x2,0.221,0.495,0.214,0.736842105263158,0.736842105263158,0.736842105263158,0.38,1.258,0.369,,,,,,,,,,,,,
0325x2,0.205,0.503,0.216,0.736842105263158,0.736842105263158,0.736842105263158,0.356,1.507,0.335,,,,,,,,,,,,,
0326x2,0.239,0.532,0.27,0.736842105263158,0.736842105263158,0.736842105263158,0.391,1.461,0.38,,,,,,,,,,,,,
0327x2,0.213,0.51,0.216,0.736842105263158,0.736842105263158,0.736842105263158,0.387,1.436,0.359,,,,,,,,,,,,,
0328x2,0.186,0.479,0.205,0.736842105263158,0.736842105263158,0.736842105263158,0.376,1.428,0.349,,,,,,,,,,,,,
0329x2,0.232,0.477,0.27,0.736842105263158,0.736842105263158,0.736842105263158,0.395,1.346,0.377,,,,,,,,,,,,,
0330x2,0.176,0.521,0.278,0.736842105263158,0.736842105263158,0.736842105263158,0.353,1.408,0.38,,,,,,,,,,,,,
0331x2,0.22,0.483,0.281,0.736842105263158,0.736842105263158,0.736842105263158,0.381,1.352,0.425,,,,,,,,,,,,,
0332x2,0.169,0.494,0.203,0.736842105263158,0.736842105263158,0.736842105263158,0.372,1.454,0.361,,,,,,,,,,,,,
0333x2,0.195,0.563,0.224,0.736842105263158,0.736842105263158,0.736842105263158,0.364,1.455,0.429,,,,,,,,,,,,,
0334x2,0.222,0.545,0.262,0.736842105263158,0.736842105263158,0.736842105263158,0.361,1.52,0.37,,,,,,,,,,,,,
0335x2,0.189,0.482,0.191,0.736842105263158,0.736842105263158,0.736842105263158,0.367,1.49,0.328,,,,,,,,,,,,,
0336x2,0.196,0.506,0.212,0.736842105263158,0.736842105263158,0.736842105263158,0.389,1.438,0.382,,,,,,,,,,,,,
0337x2,0.217,0.539,0.226,0.736842105263158,0.736842105263158,0.736842105263158,0.402,1.548,0.366,,,,,,,,,,,,,
0338x2,0.201,0.535,0.24,0.736842105263158,0.736842105263158,0.736842105263158,0.393,1.5,0.399,,,,,,,,,,,,,
0339x2,0.239,0.588,0.312,0.736842105263158,0.736842105263158,0.736842105263158,0.404,1.542,0.424,,,,,,,,,,,,,
0340x2,0.161,0.473,0.116,0.736842105263158,0.736842105263158,0.736842105263158,0.363,1.473,0.278,,,,,,,,,,,,,
0341x2,0.236,0.512,0.242,0.736842105263158,0.736842105263158,0.736842105263158,0.399,1.541,0.359,,,,,,,,,,,,,
0342x2,0.178,0.544,0.212,0.736842105263158,0.736842105263158,0.736842105263158,0.399,1.489,0.394,,,,,,,,,,,,,
0343x2,0.237,0.453,0.236,0.736842105263158,0.736842105263158,0.736842105263158,0.357,1.38,0.348,,,,,,,,,,,,,
0344x2,0.207,0.476,0.242,0.736842105263158,0.736842105263158,0.736842105263158,0.389,1.317,0.371,,,,,,,,,,,,,
0345x2,0.198,0.517,0.207,0.736842105263158,0.736842105263158,0.736842105263158,0.408,1.432,0.395,,,,,,,,,,,,,
0346x2,0.215,0.508,0.221,0.736842105263158,0.736842105263158,0.736842105263158,0.387,1.485,0.362,,,,,,,,,,,,,
0347x2,0.216,0.543,0.238,0.736842105263158,0.736842105263158,0.736842105263158,0.396,1.528,0.376,,,,,,,,,,,,,
0348x2,0.197,0.506,0.189,0.736842105263158,0.736842105263158,0.736842105263158,0.381,1.518,0.324,,,,,,,,,,,,,
0349x2,0.205,0.489,0.225,0.736842105263158,0.736842105263158,0.736842105263158,0.378,1.482,0.355,,,,,,,,,,,,,
0350x2,0.189,0.415,0.188,0.736842105263158,0.736842105263158,0.736842105263158,0.357,1.101,0.324,,,,,,,,,,,,,
0351x2,0.175,0.522,0.175,0.736842105263158,0.736842105263158,0.736842105263158,0.391,1.502,0.38,,,,,,,,,,,,,
0352x2,0.207,0.424,0.136,0.736842105263158,0.736842105263158,0.736842105263158,0.403,1.269,0.339,,,,,,,,,,,,,
0353x2,0.248,0.567,0.323,0.736842105263158,0.736842105263158,0.736842105263158,0.38,1.566,0.422,,,,,,,,,,,,,
0354x2,0.174,0.529,0.201,0.736842105263158,0.736842105263158,0.736842105263158,0.379,1.486,0.383,,,,,,,,,,,,,
0355x2,0.209,0.518,0.211,0.736842105263158,0.736842105263158,0.736842105263158,0.391,1.517,0.373,,,,,,,,,,,,,
0356x2,0.166,0.499,0.167,0.736842105263158,0.736842105263158,0.736842105263158,0.377,1.519,0.343,,,,,,,,,,,,,
0357x2,0.212,0.486,0.278,0.736842105263158,0.736842105263158,0.736842105263158,0.368,1.418,0.319,,,,,,,,,,,,,
0358x2,0.219,0.519,0.225,0.736842105263158,0.736842105263158,0.736842105263158,0.376,1.416,0.365,,,,,,,,,,,,,
0359x2,0.218,0.536,0.25,0.736842105263158,0.736842105263158,0.736842105263158,0.399,1.484,0.383,,,,,,,,,,,,,
0360x2,0.189,0.577,0.215,0.736842105263158,0.736842105263158,0.736842105263158,0.396,1.684,0.329,,,,,,,,,,,,,
0361x2,0.233,0.499,0.278,0.736842105263158,0.736842105263158,0.736842105263158,0.396,1.388,0.374,,,,,,,,,,,,,
0362x2,0.198,0.536,0.238,0.736842105263158,0.736842105263158,0.736842105263158,0.392,1.496,0.418,,,,,,,,,,,,,
0363x2,0.165,0.498,0.153,0.736842105263158,0.736842105263158,0.736842105263158,0.389,1.359,0.359,,,,,,,,,,,,,
0364x2,0.189,0.534,0.207,0.736842105263158,0.736842105263158,0.736842105263158,0.398,1.488,0.384,,,,,,,,,,,,,
0365x2,0.21,0.503,0.199,0.736842105263158,0.736842105263158,0.736842105263158,0.382,1.451,0.359,,,,,,,,,,,,,
0366x2,0.239,0.532,0.257,0.736842105263158,0.736842105263158,0.736842105263158,0.38,1.444,0.393,,,,,,,,,,,,,
0367x2,0.211,0.502,0.241,0.736842105263158,0.736842105263158,0.736842105263158,0.381,1.476,0.355,,,,,,,,,,,,,
0368x2,0.211,0.532,0.226,0.736842105263158,0.736842105263158,0.736842105263158,0.396,1.481,0.368,,,,,,,,,,,,,
0369x2,0.209,0.522,0.234,0.736842105263158,0.736842105263158,0.736842105263158,0.383,1.472,0.395,,,,,,,,,,,,,
0370x2,0.203,0.536,0.238,0.736842105263158,0.736842105263158,0.736842105263158,0.365,1.455,0.363,,,,,,,,,,,,,
0371x2,0.2,0.523,0.222,0.736842105263158,0.736842105263158,0.736842105263158,0.386,1.456,0.385,,,,,,,,,,,,,
0372x2,0.257,0.538,0.338,0.736842105263158,0.736842105263158,0.736842105263158,0.336,1.355,0.386,,,,,,,,,,,,,
0373x2,0.148,0.501,0.162,0.736842105263158,0.736842105263158,0.736842105263158,0.391,1.338,0.382,,,,,,,,,,,,,
0374x2,0.193,0.523,0.211,0.736842105263158,0.736842105263158,0.736842105263158,0.388,1.543,0.353,,,,,,,,,,,,,
0375x2,0.189,0.478,0.191,0.736842105263158,0.736842105263158,0.736842105263158,0.365,1.366,0.342,,,,,,,,,,,,,
0376x2,0.224,0.533,0.245,0.736842105263158,0.736842105263158,0.736842105263158,0.382,1.475,0.4,,,,,,,,,,,,,
0377x2,0.214,0.533,0.299,0.736842105263158,0.736842105263158,0.736842105263158,0.394,1.461,0.41,,,,,,,,,,,,,
0378x2,0.254,0.558,0.319,0.736842105263158,0.736842105263158,0.736842105263158,0.385,1.476,0.406,,,,,,,,,,,,,
0379x2,0.191,0.502,0.203,0.736842105263158,0.736842105263158,0.736842105263158,0.393,1.496,0.365,,,,,,,,,,,,,
0380x2,0.243,0.56,0.241,0.736842105263158,0.736842105263158,0.736842105263158,0.378,1.459,0.394,,,,,,,,,,,,,
0381x2,0.206,0.515,0.239,0.736842105263158,0.736842105263158,0.736842105263158,0.39,1.476,0.362,,,,,,,,,,,,,
0382x2,0.241,0.492,0.227,0.736842105263158,0.736842105263158,0.736842105263158,0.393,1.39,0.331,,,,,,,,,,,,,
0383x2,0.213,0.517,0.234,0.736842105263158,0.736842105263158,0.736842105263158,0.386,1.48,0.36,,,,,,,,,,,,,
0384x2,0.182,0.478,0.183,0.736842105263158,0.736842105263158,0.736842105263158,0.387,1.431,0.328,,,,,,,,,,,,,
0385x2,0.191,0.488,0.188,0.736842105263158,0.736842105263158,0.736842105263158,0.37,1.338,0.368,,,,,,,,,,,,,
0386x2,0.185,0.516,0.195,0.736842105263158,0.736842105263158,0.736842105263158,0.394,1.488,0.36,,,,,,,,,,,,,
0387x2,0.23,0.496,0.222,0.736842105263158,0.736842105263158,0.736842105263158,0.373,1.503,0.337,,,,,,,,,,,,,
0388x2,0.202,0.519,0.218,0.736842105263158,0.736842105263158,0.736842105263158,0.391,1.465,0.382,,,,,,,,,,,,,
0389x2,0.213,0.527,0.231,0.736842105263158,0.736842105263158,0.736842105263158,0.393,1.451,0.405,,,,,,,,,,,,,
0390x2,0.163,0.509,0.161,0.736842105263158,0.736842105263158,0.736842105263158,0.391,1.527,0.344,,,,,,,,,,,,,
0391x2,0.221,0.545,0.287,0.736842105263158,0.736842105263158,0.736842105263158,0.384,1.438,0.412,,,,,,,,,,,,,
0392x2,0.156,0.484,0.179,0.736842105263158,0.736842105263158,0.736842105263158,0.398,1.331,0.412,,,,,,,,,,,,,
0393x2,0.209,0.531,0.236,0.736842105263158,0.736842105263158,0.736842105263158,0.378,1.501,0.378,,,,,,,,,,,,,
0394x2,0.206,0.521,0.253,0.736842105263158,0.736842105263158,0.736842105263158,0.392,1.472,0.38,,,,,,,,,,,,,
0395x2,0.221,0.505,0.282,0.736842105263158,0.736842105263158,0.736842105263158,0.377,1.369,0.404,,,,,,,,,,,,,
0396x2,0.235,0.513,0.26,0.736842105263158,0.736842105263158,0.736842105263158,0.388,1.479,0.364,,,,,,,,,,,,,
0397x2,0.171,0.481,0.213,0.736842105263158,0.736842105263158,0.736842105263158,0.372,1.433,0.328,,,,,,,,,,,,,
0398x2,0.185,0.499,0.21,0.736842105263158,0.736842105263158,0.736842105263158,0.387,1.53,0.349,,,,,,,,,,,,,
0399x2,0.146,0.466,0.14,0.736842105263158,0.736842105263158,0.736842105263158,0.369,1.293,0.348,,,,,,,,,,,,,
0400x2,0.206,0.539,0.252,0.736842105263158,0.736842105263158,0.736842105263158,0.39,1.477,0.403,,,,,,,,,,,,,
0401x2,0.196,0.527,0.199,0.736842105263158,0.736842105263158,0.736842105263158,0.399,1.569,0.37,,,,,,,,,,,,,
0402x2,0.221,0.517,0.239,0.736842105263158,0.736842105263158,0.736842105263158,0.395,1.456,0.403,,,,,,,,,,,,,
0403x2,0.204,0.53,0.258,0.736842105263158,0.736842105263158,0.736842105263158,0.394,1.494,0.398,,,,,,,,,,,,,
0404x2,0.193,0.521,0.208,0.736842105263158,0.736842105263158,0.736842105263158,0.382,1.463,0.375,,,,,,,,,,,,,
0405x2,0.202,0.536,0.227,0.736842105263158,0.736842105263158,0.736842105263158,0.38,1.476,0.404,,,,,,,,,,,,,
0406x2,0.207,0.505,0.226,0.736842105263158,0.736842105263158,0.736842105263158,0.389,1.352,0.391,,,,,,,,,,,,,
0407x2,0.199,0.532,0.223,0.736842105263158,0.736842105263158,0.736842105263158,0.388,1.441,0.388,,,,,,,,,,,,,
0408x2,0.3,0.532,0.35,0.736842105263158,0.736842105263158,0.736842105263158,0.409,1.53,0.417,,,,,,,,,,,,,
0409x2,0.198,0.546,0.24,0.736842105263158,0.736842105263158,0.736842105263158,0.383,1.525,0.398,,,,,,,,,,,,,
0410x2,0.226,0.49,0.231,0.736842105263158,0.736842105263158,0.736842105263158,0.375,1.367,0.385,,,,,,,,,,,,,
0411x2,0.222,0.472,0.216,0.736842105263158,0.736842105263158,0.736842105263158,0.365,1.476,0.315,,,,,,,,,,,,,
0412x2,0.202,0.545,0.219,0.736842105263158,0.736842105263158,0.736842105263158,0.389,1.465,0.388,,,,,,,,,,,,,
0413x2,0.2,0.474,0.218,0.736842105263158,0.736842105263158,0.736842105263158,0.368,1.397,0.349,,,,,,,,,,,,,
0414x2,0.196,0.473,0.218,0.736842105263158,0.736842105263158,0.736842105263158,0.382,1.327,0.374,,,,,,,,,,,,,
0415x2,0.187,0.493,0.203,0.736842105263158,0.736842105263158,0.736842105263158,0.394,1.384,0.377,,,,,,,,,,,,,
0416x2,0.214,0.542,0.27,0.736842105263158,0.736842105263158,0.736842105263158,0.384,1.471,0.405,,,,,,,,,,,,,
0417x2,0.199,0.522,0.247,0.736842105263158,0.736842105263158,0.736842105263158,0.394,1.454,0.365,,,,,,,,,,,,,
0418x2,0.228,0.531,0.249,0.736842105263158,0.736842105263158,0.736842105263158,0.38,1.46,0.383,,,,,,,,,,,,,
0419x2,0.191,0.567,0.2,0.736842105263158,0.736842105263158,0.736842105263158,0.394,1.557,0.396,,,,,,,,,,,,,
0420x2,0.216,0.514,0.236,0.736842105263158,0.736842105263158,0.736842105263158,0.385,1.342,0.435,,,,,,,,,,,,,
0421x2,0.191,0.514,0.187,0.736842105263158,0.736842105263158,0.736842105263158,0.389,1.427,0.363,,,,,,,,,,,,,
0422x2,0.193,0.499,0.218,0.736842105263158,0.736842105263158,0.736842105263158,0.382,1.37,0.395,,,,,,,,,,,,,
0423x2,0.223,0.505,0.231,0.736842105263158,0.736842105263158,0.736842105263158,0.403,1.488,0.39,,,,,,,,,,,,,
0424x2,0.202,0.546,0.241,0.736842105263158,0.736842105263158,0.736842105263158,0.387,1.501,0.392,,,,,,,,,,,,,
0425x2,0.2,0.525,0.229,0.736842105263158,0.736842105263158,0.736842105263158,0.388,1.455,0.394,,,,,,,,,,,,,
0426x2,0.18,0.473,0.209,0.736842105263158,0.736842105263158,0.736842105263158,0.36,1.422,0.311,,,,,,,,,,,,,
0427x2,0.183,0.48,0.178,0.736842105263158,0.736842105263158,0.736842105263158,0.376,1.419,0.332,,,,,,,,,,,,,
0428x2,0.21,0.523,0.245,0.736842105263158,0.736842105263158,0.736842105263158,0.382,1.482,0.377,,,,,,,,,,,,,
0429x2,0.18,0.534,0.186,0.736842105263158,0.736842105263158,0.736842105263158,0.37,1.505,0.391,,,,,,,,,,,,,
0430x2,0.193,0.536,0.232,0.736842105263158,0.736842105263158,0.736842105263158,0.395,1.51,0.41,,,,,,,,,,,,,
0431x2,0.174,0.519,0.208,0.736842105263158,0.736842105263158,0.736842105263158,0.381,1.452,0.41,,,,,,,,,,,,,
0432x2,0.219,0.535,0.272,0.736842105263158,0.736842105263158,0.736842105263158,0.39,1.427,0.42,,,,,,,,,,,,,
0433x2,0.21,0.526,0.232,0.736842105263158,0.736842105263158,0.736842105263158,0.382,1.517,0.386,,,,,,,,,,,,,
0434x2,0.199,0.501,0.254,0.736842105263158,0.736842105263158,0.736842105263158,0.385,1.422,0.375,,,,,,,,,,,,,
0435x2,0.208,0.537,0.26,0.736842105263158,0.736842105263158,0.736842105263158,0.405,1.483,0.398,,,,,,,,,,,,,
0436x2,0.203,0.538,0.233,0.736842105263158,0.736842105263158,0.736842105263158,0.385,1.463,0.393,,,,,,,,,,,,,
0437x2,0.192,0.469,0.207,0.736842105263158,0.736842105263158,0.736842105263158,0.361,1.446,0.329,,,,,,,,,,,,,
0438x2,0.209,0.55,0.241,0.736842105263158,0.736842105263158,0.736842105263158,0.392,1.538,0.387,,,,,,,,,,,,,
0439x2,0.132,0.472,0.208,0.736842105263158,0.736842105263158,0.736842105263158,0.373,1.358,0.339,,,,,,,,,,,,,
0440x2,0.229,0.526,0.287,0.736842105263158,0.736842105263158,0.736842105263158,0.406,1.477,0.417,,,,,,,,,,,,,
0441x2,0.219,0.528,0.251,0.736842105263158,0.736842105263158,0.736842105263158,0.387,1.454,0.385,,,,,,,,,,,,,
0442x2,0.203,0.543,0.238,0.736842105263158,0.736842105263158,0.736842105263158,0.383,1.453,0.396,,,,,,,,,,,,,
0443x2,0.189,0.561,0.25,0.736842105263158,0.736842105263158,0.736842105263158,0.409,1.558,0.391,,,,,,,,,,,,,
0444x2,0.183,0.544,0.22,0.736842105263158,0.736842105263158,0.736842105263158,0.395,1.501,0.416,,,,,,,,,,,,,
0445x2,0.223,0.538,0.259,0.736842105263158,0.736842105263158,0.736842105263158,0.404,1.49,0.415,,,,,,,,,,,,,
0446x2,0.173,0.511,0.196,0.736842105263158,0.736842105263158,0.736842105263158,0.364,1.42,0.379,,,,,,,,,,,,,
0447x2,0.166,0.536,0.17,0.736842105263158,0.736842105263158,0.736842105263158,0.387,1.523,0.356,,,,,,,,,,,,,
0448x2,0.206,0.548,0.244,0.736842105263158,0.736842105263158,0.736842105263158,0.404,1.549,0.398,,,,,,,,,,,,,
0449x2,0.188,0.497,0.235,0.736842105263158,0.736842105263158,0.736842105263158,0.375,1.331,0.387,,,,,,,,,,,,,
0450x2,0.231,0.582,0.313,0.736842105263158,0.736842105263158,0.736842105263158,0.383,1.63,0.374,,,,,,,,,,,,,
0451x2,0.203,0.478,0.215,0.736842105263158,0.736842105263158,0.736842105263158,0.386,1.328,0.357,,,,,,,,,,,,,
0452x2,0.207,0.537,0.225,0.736842105263158,0.736842105263158,0.736842105263158,0.39,1.511,0.382,,,,,,,,,,,,,
0453x2,0.198,0.559,0.223,0.736842105263158,0.736842105263158,0.736842105263158,0.398,1.535,0.425,,,,,,,,,,,,,
0454x2,0.205,0.52,0.206,0.736842105263158,0.736842105263158,0.736842105263158,0.393,1.472,0.365,,,,,,,,,,,,,
0455x2,0.209,0.525,0.226,0.736842105263158,0.736842105263158,0.736842105263158,0.403,1.391,0.431,,,,,,,,,,,,,
0456x2,0.208,0.531,0.243,0.736842105263158,0.736842105263158,0.736842105263158,0.379,1.497,0.393,,,,,,,,,,,,,
0457x2,0.172,0.44,0.212,0.736842105263158,0.736842105263158,0.736842105263158,0.37,1.291,0.362,,,,,,,,,,,,,
0458x2,0.24,0.514,0.272,0.736842105263158,0.736842105263158,0.736842105263158,0.381,1.445,0.395,,,,,,,,,,,,,
0459x2,0.2,0.54,0.221,0.736842105263158,0.736842105263158,0.736842105263158,0.398,1.485,0.413,,,,,,,,,,,,,
0460x2,0.128,0.559,0.11,0.736842105263158,0.736842105263158,0.736842105263158,0.406,1.632,0.378,,,,,,,,,,,,,
0461x2,0.207,0.504,0.228,0.736842105263158,0.736842105263158,0.736842105263158,0.398,1.395,0.401,,,,,,,,,,,,,
0462x2,0.204,0.499,0.213,0.736842105263158,0.736842105263158,0.736842105263158,0.377,1.463,0.341,,,,,,,,,,,,,
0463x2,0.186,0.52,0.167,0.736842105263158,0.736842105263158,0.736842105263158,0.397,1.53,0.376,,,,,,,,,,,,,
0464x2,0.193,0.487,0.218,0.736842105263158,0.736842105263158,0.736842105263158,0.377,1.447,0.346,,,,,,,,,,,,,
0465x2,0.225,0.528,0.229,0.736842105263158,0.736842105263158,0.736842105263158,0.408,1.444,0.386,,,,,,,,,,,,,
0466x2,0.223,0.527,0.228,0.736842105263158,0.736842105263158,0.736842105263158,0.412,1.508,0.397,,,,,,,,,,,,,
0467x2,0.196,0.468,0.213,0.736842105263158,0.736842105263158,0.736842105263158,0.373,1.313,0.377,,,,,,,,,,,,,
0468x2,0.227,0.507,0.288,0.736842105263158,0.736842105263158,0.736842105263158,0.386,1.441,0.398,,,,,,,,,,,,,
0469x2,0.186,0.49,0.212,0.736842105263158,0.736842105263158,0.736842105263158,0.399,1.366,0.435,,,,,,,,,,,,,
0470x2,0.258,0.542,0.227,0.736842105263158,0.736842105263158,0.736842105263158,0.363,1.487,0.394,,,,,,,,,,,,,
0471x2,0.18,0.536,0.234,0.736842105263158,0.736842105263158,0.736842105263158,0.367,1.488,0.374,,,,,,,,,,,,,
0472x2,0.208,0.534,0.221,0.736842105263158,0.736842105263158,0.736842105263158,0.388,1.479,0.388,,,,,,,,,,,,,
0473x2,0.255,0.562,0.387,0.736842105263158,0.736842105263158,0.736842105263158,0.38,1.462,0.402,,,,,,,,,,,,,
0474x2,0.178,0.509,0.164,0.736842105263158,0.736842105263158,0.736842105263158,0.399,1.481,0.393,,,,,,,,,,,,,
0475x2,0.198,0.537,0.243,0.736842105263158,0.736842105263158,0.736842105263158,0.409,1.499,0.396,,,,,,,,,,,,,
0476x2,0.202,0.517,0.21,0.736842105263158,0.736842105263158,0.736842105263158,0.399,1.497,0.375,,,,,,,,,,,,,
0477x2,0.213,0.52,0.227,0.736842105263158,0.736842105263158,0.736842105263158,0.398,1.486,0.387,,,,,,,,,,,,,
0478x2,0.2,0.517,0.225,0.736842105263158,0.736842105263158,0.736842105263158,0.378,1.407,0.381,,,,,,,,,,,,,
0479x2,0.226,0.542,0.24,0.736842105263158,0.736842105263158,0.736842105263158,0.387,1.569,0.388,,,,,,,,,,,,,
0480x2,0.192,0.534,0.213,0.736842105263158,0.736842105263158,0.736842105263158,0.383,1.493,0.385,,,,,,,,,,,,,
0481x2,0.197,0.501,0.205,0.736842105263158,0.736842105263158,0.736842105263158,0.39,1.481,0.377,,,,,,,,,,,,,
0482x2,0.219,0.516,0.257,0.736842105263158,0.736842105263158,0.736842105263158,0.391,1.508,0.384,,,,,,,,,,,,,
0483x2,0.21,0.539,0.236,0.736842105263158,0.736842105263158,0.736842105263158,0.403,1.506,0.405,,,,,,,,,,,,,
0484x2,0.246,0.495,0.285,0.736842105263158,0.736842105263158,0.736842105263158,0.377,1.474,0.371,,,,,,,,,,,,,
0485x2,0.251,0.548,0.306,0.736842105263158,0.736842105263158,0.736842105263158,0.385,1.452,0.427,,,,,,,,,,,,,
0486x2,0.224,0.55,0.26,0.736842105263158,0.736842105263158,0.736842105263158,0.403,1.507,0.398,,,,,,,,,,,,,
0487x2,0.193,0.538,0.227,0.736842105263158,0.736842105263158,0.736842105263158,0.392,1.407,0.391,,,,,,,,,,,,,
0488x2,0.199,0.5,0.223,0.736842105263158,0.736842105263158,0.736842105263158,0.378,1.338,0.392,,,,,,,,,,,,,
0489x2,0.204,0.543,0.235,0.736842105263158,0.736842105263158,0.736842105263158,0.392,1.516,0.4,,,,,,,,,,,,,
0490x2,0.193,0.537,0.192,0.736842105263158,0.736842105263158,0.736842105263158,0.386,1.466,0.386,,,,,,,,,,,,,
0491x2,0.215,0.478,0.191,0.736842105263158,0.736842105263158,0.736842105263158,0.365,1.446,0.314,,,,,,,,,,,,,
0492x2,0.143,0.466,0.115,0.736842105263158,0.736842105263158,0.736842105263158,0.366,1.392,0.334,,,,,,,,,,,,,
0493x2,0.208,0.523,0.216,0.736842105263158,0.736842105263158,0.736842105263158,0.392,1.491,0.353,,,,,,,,,,,,,
0494x2,0.206,0.523,0.246,0.736842105263158,0.736842105263158,0.736842105263158,0.383,1.467,0.4,,,,,,,,,,,,,
0495x2,0.207,0.525,0.225,0.736842105263158,0.736842105263158,0.736842105263158,0.379,1.503,0.384,,,,,,,,,,,,,
0496x2,0.208,0.533,0.243,0.736842105263158,0.736842105263158,0.736842105263158,0.394,1.482,0.405,,,,,,,,,,,,,
0497x2,0.217,0.507,0.232,0.736842105263158,0.736842105263158,0.736842105263158,0.394,1.505,0.342,,,,,,,,,,,,,
0498x2,0.194,0.538,0.21,0.736842105263158,0.736842105263158,0.736842105263158,0.393,1.533,0.385,,,,,,,,,,,,,
0499x2,0.179,0.506,0.213,0.736842105263158,0.736842105263158,0.736842105263158,0.388,1.46,0.343,,,,,,,,,,,,,
0500x2,0.209,0.569,0.236,0.736842105263158,0.736842105263158,0.736842105263158,0.389,1.67,0.344,,,,,,,,,,,,,
0501x2,0.185,0.486,0.199,0.736842105263158,0.736842105263158,0.736842105263158,0.398,1.444,0.357,,,,,,,,,,,,,
0502x2,0.199,0.548,0.208,0.736842105263158,0.736842105263158,0.736842105263158,0.389,1.524,0.377,,,,,,,,,,,,,
0503x2,0.198,0.525,0.233,0.736842105263158,0.736842105263158,0.736842105263158,0.39,1.493,0.394,,,,,,,,,,,,,
0504x2,0.235,0.54,0.31,0.736842105263158,0.736842105263158,0.736842105263158,0.373,1.429,0.368,,,,,,,,,,,,,
0505x2,0.199,0.523,0.231,0.736842105263158,0.736842105263158,0.736842105263158,0.371,1.398,0.384,,,,,,,,,,,,,
0506x2,0.193,0.558,0.239,0.736842105263158,0.736842105263158,0.736842105263158,0.383,1.536,0.408,,,,,,,,,,,,,
0507x2,0.202,0.526,0.194,0.736842105263158,0.736842105263158,0.736842105263158,0.39,1.47,0.395,,,,,,,,,,,,,
0508x2,0.186,0.484,0.242,0.736842105263158,0.736842105263158,0.736842105263158,0.376,1.375,0.359,,,,,,,,,,,,,
0509x2,0.212,0.529,0.239,0.736842105263158,0.736842105263158,0.736842105263158,0.402,1.491,0.4,,,,,,,,,,,,,
0510x2,0.206,0.529,0.235,0.736842105263158,0.736842105263158,0.736842105263158,0.411,1.501,0.408,,,,,,,,,,,,,
0511x2,0.181,0.502,0.177,0.736842105263158,0.736842105263158,0.736842105263158,0.381,1.429,0.38,,,,,,,,,,,,,
0512x2,0.194,0.505,0.206,0.736842105263158,0.736842105263158,0.736842105263158,0.384,1.465,0.362,,,,,,,,,,,,,
0513x2,0.204,0.571,0.237,0.736842105263158,0.736842105263158,0.736842105263158,0.394,1.686,0.353,,,,,,,,,,,,,
0514x2,0.202,0.516,0.207,0.736842105263158,0.736842105263158,0.736842105263158,0.397,1.39,0.394,,,,,,,,,,,,,
0515x2,0.228,0.546,0.204,0.736842105263158,0.736842105263158,0.736842105263158,0.349,1.487,0.338,,,,,,,,,,,,,
0516x2,0.231,0.542,0.236,0.736842105263158,0.736842105263158,0.736842105263158,0.391,1.592,0.363,,,,,,,,,,,,,
0517x2,0.187,0.536,0.218,0.736842105263158,0.736842105263158,0.736842105263158,0.393,1.526,0.383,,,,,,,,,,,,,
0518x2,0.227,0.492,0.249,0.736842105263158,0.736842105263158,0.736842105263158,0.395,1.392,0.409,,,,,,,,,,,,,
0519x2,0.202,0.524,0.227,0.736842105263158,0.736842105263158,0.736842105263158,0.388,1.474,0.393,,,,,,,,,,,,,
0520x2,0.196,0.538,0.215,0.736842105263158,0.736842105263158,0.736842105263158,0.405,1.499,0.415,,,,,,,,,,,,,
0521x2,0.199,0.486,0.215,0.736842105263158,0.736842105263158,0.736842105263158,0.378,1.328,0.366,,,,,,,,,,,,,
0522x2,0.208,0.474,0.23,0.736842105263158,0.736842105263158,0.736842105263158,0.374,1.345,0.349,,,,,,,,,,,,,
0523x2,0.167,0.519,0.24,0.736842105263158,0.736842105263158,0.736842105263158,0.366,1.34,0.36,,,,,,,,,,,,,
0524x2,0.206,0.555,0.249,0.736842105263158,0.736842105263158,0.736842105263158,0.391,1.538,0.405,,,,,,,,,,,,,
0525x2,0.208,0.537,0.25,0.736842105263158,0.736842105263158,0.736842105263158,0.391,1.503,0.387,,,,,,,,,,,,,
0526x2,0.207,0.52,0.229,0.736842105263158,0.736842105263158,0.736842105263158,0.358,1.483,0.346,,,,,,,,,,,,,
0527x2,0.204,0.502,0.205,0.736842105263158,0.736842105263158,0.736842105263158,0.388,1.49,0.34,,,,,,,,,,,,,
0528x2,0.203,0.536,0.232,0.736842105263158,0.736842105263158,0.736842105263158,0.406,1.524,0.383,,,,,,,,,,,,,
0529x2,0.191,0.529,0.233,0.736842105263158,0.736842105263158,0.736842105263158,0.342,1.433,0.342,,,,,,,,,,,,,
0530x2,0.189,0.537,0.226,0.736842105263158,0.736842105263158,0.736842105263158,0.398,1.478,0.398,,,,,,,,,,,,,
0531x2,0.217,0.541,0.274,0.736842105263158,0.736842105263158,0.736842105263158,0.404,1.523,0.408,,,,,,,,,,,,,
0532x2,0.2,0.479,0.222,0.736842105263158,0.736842105263158,0.736842105263158,0.386,1.337,0.364,,,,,,,,,,,,,
0533x2,0.187,0.531,0.202,0.736842105263158,0.736842105263158,0.736842105263158,0.394,1.478,0.375,,,,,,,,,,,,,
0534x2,0.184,0.49,0.189,0.736842105263158,0.736842105263158,0.736842105263158,0.368,1.45,0.345,,,,,,,,,,,,,
0535x2,0.22,0.535,0.215,0.736842105263158,0.736842105263158,0.736842105263158,0.384,1.505,0.357,,,,,,,,,,,,,
0536x2,0.205,0.54,0.245,0.736842105263158,0.736842105263158,0.736842105263158,0.386,1.472,0.403,,,,,,,,,,,,,
0537x2,0.209,0.524,0.259,0.736842105263158,0.736842105263158,0.736842105263158,0.38,1.502,0.371,,,,,,,,,,,,,
0538x2,0.198,0.525,0.226,0.736842105263158,0.736842105263158,0.736842105263158,0.386,1.494,0.383,,,,,,,,,,,,,
0539x2,0.215,0.537,0.217,0.736842105263158,0.736842105263158,0.736842105263158,0.384,1.515,0.383,,,,,,,,,,,,,
0540x2,0.291,0.501,0.347,0.736842105263158,0.736842105263158,0.736842105263158,0.395,1.452,0.381,,,,,,,,,,,,,
0541x2,0.16,0.519,0.236,0.736842105263158,0.736842105263158,0.736842105263158,0.392,1.525,0.389,,,,,,,,,,,,,
0542x2,0.166,0.522,0.245,0.736842105263158,0.736842105263158,0.736842105263158,0.348,1.36,0.348,,,,,,,,,,,,,
0543x2,0.219,0.481,0.236,0.736842105263158,0.736842105263158,0.736842105263158,0.397,1.399,0.394,,,,,,,,,,,,,
0544x2,0.2,0.53,0.199,0.736842105263158,0.736842105263158,0.736842105263158,0.386,1.479,0.384,,,,,,,,,,,,,
0545x2,0.236,0.558,0.322,0.736842105263158,0.736842105263158,0.736842105263158,0.388,1.549,0.35,,,,,,,,,,,,,
0546x2,0.211,0.538,0.246,0.736842105263158,0.736842105263158,0.736842105263158,0.388,1.513,0.369,,,,,,,,,,,,,
0547x2,0.211,0.528,0.242,0.736842105263158,0.736842105263158,0.736842105263158,0.387,1.452,0.395,,,,,,,,,,,,,
0548x2,0.205,0.505,0.212,0.736842105263158,0.736842105263158,0.736842105263158,0.398,1.548,0.362,,,,,,,,,,,,,
0549x2,0.234,0.521,0.257,0.736842105263158,0.736842105263158,0.736842105263158,0.387,1.395,0.37,,,,,,,,,,,,,
0550x2,0.176,0.525,0.217,0.736842105263158,0.736842105263158,0.736842105263158,0.4,1.44,0.44,,,,,,,,,,,,,
0551x2,0.188,0.52,0.204,0.736842105263158,0.736842105263158,0.736842105263158,0.383,1.451,0.385,,,,,,,,,,,,,
0552x2,0.205,0.531,0.237,0.736842105263158,0.736842105263158,0.736842105263158,0.393,1.473,0.389,,,,,,,,,,,,,
0553x2,0.198,0.508,0.211,0.736842105263158,0.736842105263158,0.736842105263158,0.369,1.475,0.369,,,,,,,,,,,,,
0554x2,0.169,0.493,0.198,0.736842105263158,0.736842105263158,0.736842105263158,0.374,1.469,0.37,,,,,,,,,,,,,
0555x2,0.244,0.532,0.254,0.736842105263158,0.736842105263158,0.736842105263158,0.384,1.462,0.383,,,,,,,,,,,,,
0556x2,0.201,0.503,0.218,0.736842105263158,0.736842105263158,0.736842105263158,0.382,1.484,0.373,,,,,,,,,,,,,
0557x2,0.224,0.517,0.226,0.736842105263158,0.736842105263158,0.736842105263158,0.382,1.509,0.35,,,,,,,,,,,,,
0558x2,0.208,0.533,0.224,0.736842105263158,0.736842105263158,0.736842105263158,0.386,1.483,0.398,,,,,,,,,,,,,
0559x2,0.192,0.492,0.259,0.736842105263158,0.736842105263158,0.736842105263158,0.352,1.417,0.311,,,,,,,,,,,,,
0560x2,0.171,0.519,0.164,0.736842105263158,0.736842105263158,0.736842105263158,0.383,1.468,0.366,,,,,,,,,,,,,
0561x2,0.163,0.48,0.149,0.736842105263158,0.736842105263158,0.736842105263158,0.366,1.375,0.332,,,,,,,,,,,,,
0562x2,0.181,0.524,0.214,0.736842105263158,0.736842105263158,0.736842105263158,0.386,1.441,0.388,,,,,,,,,,,,,
0563x2,0.256,0.551,0.323,0.736842105263158,0.736842105263158,0.736842105263158,0.389,1.511,0.412,,,,,,,,,,,,,
0564x2,0.202,0.554,0.233,0.736842105263158,0.736842105263158,0.736842105263158,0.405,1.563,0.393,,,,,,,,,,,,,
0565x2,0.186,0.495,0.208,0.736842105263158,0.736842105263158,0.736842105263158,0.396,1.361,0.4,,,,,,,,,,,,,
0566x2,0.192,0.487,0.192,0.736842105263158,0.736842105263158,0.736842105263158,0.384,1.478,0.309,,,,,,,,,,,,,
0567x2,0.168,0.55,0.186,0.736842105263158,0.736842105263158,0.736842105263158,0.384,1.465,0.378,,,,,,,,,,,,,
0568x2,0.203,0.532,0.218,0.736842105263158,0.736842105263158,0.736842105263158,0.387,1.541,0.357,,,,,,,,,,,,,
0569x2,0.199,0.511,0.194,0.736842105263158,0.736842105263158,0.736842105263158,0.388,1.477,0.37,,,,,,,,,,,,,
0570x2,0.206,0.528,0.232,0.736842105263158,0.736842105263158,0.736842105263158,0.41,1.475,0.394,,,,,,,,,,,,,
0571x2,0.304,0.51,0.356,0.736842105263158,0.736842105263158,0.736842105263158,0.41,1.532,0.378,,,,,,,,,,,,,
0572x2,0.237,0.541,0.271,0.736842105263158,0.736842105263158,0.736842105263158,0.378,1.475,0.444,,,,,,,,,,,,,
0573x2,0.212,0.524,0.207,0.736842105263158,0.736842105263158,0.736842105263158,0.389,1.47,0.363,,,,,,,,,,,,,
0574x2,0.171,0.49,0.213,0.736842105263158,0.736842105263158,0.736842105263158,0.389,1.426,0.375,,,,,,,,,,,,,
0575x2,0.201,0.55,0.221,0.736842105263158,0.736842105263158,0.736842105263158,0.376,1.443,0.376,,,,,,,,,,,,,
0576x2,0.225,0.509,0.251,0.736842105263158,0.736842105263158,0.736842105263158,0.383,1.486,0.356,,,,,,,,,,,,,
0577x2,0.203,0.505,0.24,0.736842105263158,0.736842105263158,0.736842105263158,0.352,1.337,0.371,,,,,,,,,,,,,
0578x2,0.213,0.519,0.239,0.736842105263158,0.736842105263158,0.736842105263158,0.395,1.444,0.389,,,,,,,,,,,,,
0579x2,0.202,0.504,0.224,0.736842105263158,0.736842105263158,0.736842105263158,0.376,1.398,0.399,,,,,,,,,,,,,
0580x2,0.186,0.525,0.215,0.736842105263158,0.736842105263158,0.736842105263158,0.381,1.485,0.374,,,,,,,,,,,,,
0581x2,0.225,0.509,0.243,0.736842105263158,0.736842105263158,0.736842105263158,0.391,1.447,0.38,,,,,,,,,,,,,
0582x2,0.2,0.544,0.212,0.736842105263158,0.736842105263158,0.736842105263158,0.398,1.492,0.407,,,,,,,,,,,,,
0583x2,0.176,0.526,0.174,0.736842105263158,0.736842105263158,0.736842105263158,0.411,1.425,0.393,,,,,,,,,,,,,
0584x2,0.207,0.531,0.222,0.736842105263158,0.736842105263158,0.736842105263158,0.385,1.42,0.388,,,,,,,,,,,,,
0585x2,0.238,0.481,0.273,0.736842105263158,0.736842105263158,0.736842105263158,0.378,1.347,0.417,,,,,,,,,,,,,
0586x2,0.188,0.487,0.209,0.736842105263158,0.736842105263158,0.736842105263158,0.387,1.36,0.371,,,,,,,,,,,,,
0587x2,0.196,0.535,0.228,0.736842105263158,0.736842105263158,0.736842105263158,0.394,1.541,0.395,,,,,,,,,,,,,
0588x2,0.189,0.534,0.189,0.736842105263158,0.736842105263158,0.736842105263158,0.384,1.411,0.377,,,,,,,,,,,,,
0589x2,0.196,0.503,0.214,0.736842105263158,0.736842105263158,0.736842105263158,0.376,1.505,0.324,,,,,,,,,,,,,
0590x2,0.201,0.48,0.228,0.736842105263158,0.736842105263158,0.736842105263158,0.376,1.336,0.378,,,,,,,,,,,,,
0591x2,0.251,0.504,0.324,0.736842105263158,0.736842105263158,0.736842105263158,0.378,1.398,0.341,,,,,,,,,,,,,
0592x2,0.216,0.519,0.226,0.736842105263158,0.736842105263158,0.736842105263158,0.399,1.454,0.376,,,,,,,,,,,,,
0593x2,0.205,0.522,0.248,0.736842105263158,0.736842105263158,0.736842105263158,0.406,1.476,0.35,,,,,,,,,,,,,
0594x2,0.229,0.518,0.257,0.736842105263158,0.736842105263158,0.736842105263158,0.377,1.447,0.38,,,,,,,,,,,,,
0595x2,0.188,0.516,0.221,0.736842105263158,0.736842105263158,0.736842105263158,0.382,1.509,0.369,,,,,,,,,,,,,
0596x2,0.196,0.533,0.22,0.736842105263158,0.736842105263158,0.736842105263158,0.4,1.497,0.415,,,,,,,,,,,,,
0597x2,0.212,0.476,0.217,0.736842105263158,0.736842105263158,0.736842105263158,0.379,1.328,0.362,,,,,,,,,,,,,
0598x2,0.226,0.523,0.263,0.736842105263158,0.736842105263158,0.736842105263158,0.387,1.48,0.387,,,,,,,,,,,,,
0599x2,0.217,0.535,0.263,0.736842105263158,0.736842105263158,0.736842105263158,0.4,1.485,0.391,,,,,,,,,,,,,
0600x2,0.176,0.519,0.2,0.736842105263158,0.736842105263158,0.736842105263158,0.393,1.478,0.377,,,,,,,,,,,,,
0601x2,0.334,0.508,0.401,0.736842105263158,0.736842105263158,0.736842105263158,0.404,1.49,0.372,,,,,,,,,,,,,
0602x2,0.186,0.492,0.22,0.736842105263158,0.736842105263158,0.736842105263158,0.377,1.487,0.364,,,,,,,,,,,,,
0603x2,0.24,0.509,0.182,0.736842105263158,0.736842105263158,0.736842105263158,0.378,1.409,0.382,,,,,,,,,,,,,
0604x2,0.211,0.528,0.225,0.736842105263158,0.736842105263158,0.736842105263158,0.351,1.43,0.246,,,,,,,,,,,,,
0605x2,0.189,0.531,0.204,0.736842105263158,0.736842105263158,0.736842105263158,0.396,1.562,0.367,,,,,,,,,,,,,
0606x2,0.244,0.511,0.249,0.736842105263158,0.736842105263158,0.736842105263158,0.361,1.372,0.353,,,,,,,,,,,,,
0607x2,0.211,0.554,0.284,0.736842105263158,0.736842105263158,0.736842105263158,0.399,1.483,0.42,,,,,,,,,,,,,
0608x2,0.167,0.48,0.204,0.736842105263158,0.736842105263158,0.736842105263158,0.381,1.325,0.358,,,,,,,,,,,,,
0609x2,0.199,0.513,0.24,0.736842105263158,0.736842105263158,0.736842105263158,0.378,1.433,0.379,,,,,,,,,,,,,
0610x2,0.215,0.557,0.242,0.736842105263158,0.736842105263158,0.736842105263158,0.396,1.529,0.414,,,,,,,,,,,,,
0611x2,0.224,0.504,0.22,0.736842105263158,0.736842105263158,0.736842105263158,0.382,1.468,0.353,,,,,,,,,,,,,
0612x2,0.192,0.518,0.223,0.736842105263158,0.736842105263158,0.736842105263158,0.395,1.459,0.427,,,,,,,,,,,,,
0613x2,0.204,0.509,0.203,0.736842105263158,0.736842105263158,0.736842105263158,0.375,1.479,0.352,,,,,,,,,,,,,
0614x2,0.195,0.48,0.213,0.736842105263158,0.736842105263158,0.736842105263158,0.385,1.339,0.362,,,,,,,,,,,,,
0615x2,0.194,0.487,0.219,0.736842105263158,0.736842105263158,0.736842105263158,0.4,1.342,0.389,,,,,,,,,,,,,
0616x2,0.203,0.548,0.241,0.736842105263158,0.736842105263158,0.736842105263158,0.388,1.492,0.395,,,,,,,,,,,,,
0617x2,0.225,0.511,0.241,0.736842105263158,0.736842105263158,0.736842105263158,0.364,1.449,0.351,,,,,,,,,,,,,
0618x2,0.206,0.541,0.259,0.736842105263158,0.736842105263158,0.736842105263158,0.4,1.486,0.408,,,,,,,,,,,,,
0619x2,0.176,0.544,0.16,0.736842105263158,0.736842105263158,0.736842105263158,0.398,1.543,0.381,,,,,,,,,,,,,
0620x2,0.219,0.529,0.227,0.736842105263158,0.736842105263158,0.736842105263158,0.384,1.502,0.364,,,,,,,,,,,,,
0621x2,0.221,0.476,0.226,0.736842105263158,0.736842105263158,0.736842105263158,0.404,1.364,0.363,,,,,,,,,,,,,
0622x2,0.212,0.54,0.247,0.736842105263158,0.736842105263158,0.736842105263158,0.381,1.461,0.393,,,,,,,,,,,,,
0623x2,0.193,0.53,0.2,0.736842105263158,0.736842105263158,0.736842105263158,0.401,1.516,0.392,,,,,,,,,,,,,
0624x2,0.176,0.478,0.178,0.736842105263158,0.736842105263158,0.736842105263158,0.379,1.3,0.35,,,,,,,,,,,,,
0625x2,0.188,0.515,0.194,0.736842105263158,0.736842105263158,0.736842105263158,0.436,1.396,0.484,,,,,,,,,,,,,
0626x2,0.195,0.515,0.203,0.736842105263158,0.736842105263158,0.736842105263158,0.39,1.441,0.379,,,,,,,,,,,,,
0627x2,0.183,0.496,0.168,0.736842105263158,0.736842105263158,0.736842105263158,0.389,1.508,0.309,,,,,,,,,,,,,
0628x2,0.118,0.563,0.085,0.736842105263158,0.736842105263158,0.736842105263158,0.378,1.465,0.359,,,,,,,,,,,,,
0629x2,0.205,0.535,0.212,0.736842105263158,0.736842105263158,0.736842105263158,0.38,1.486,0.37,,,,,,,,,,,,,
0630x2,0.194,0.556,0.231,0.736842105263158,0.736842105263158,0.736842105263158,0.41,1.552,0.419,,,,,,,,,,,,,
0631x2,0.218,0.525,0.259,0.736842105263158,0.736842105263158,0.736842105263158,0.394,1.461,0.394,,,,,,,,,,,,,
0632x2,0.211,0.538,0.247,0.736842105263158,0.736842105263158,0.736842105263158,0.308,1.446,0.357,,,,,,,,,,,,,
0633x2,0.198,0.537,0.235,0.736842105263158,0.736842105263158,0.736842105263158,0.395,1.487,0.397,,,,,,,,,,,,,
0634x2,0.225,0.529,0.228,0.736842105263158,0.736842105263158,0.736842105263158,0.407,1.524,0.395,,,,,,,,,,,,,
0635x2,0.19,0.546,0.205,0.736842105263158,0.736842105263158,0.736842105263158,0.39,1.547,0.389,,,,,,,,,,,,,
0636x2,0.227,0.537,0.251,0.736842105263158,0.736842105263158,0.736842105263158,0.395,1.37,0.396,,,,,,,,,,,,,
0637x2,0.209,0.542,0.276,0.736842105263158,0.736842105263158,0.736842105263158,0.394,1.534,0.386,,,,,,,,,,,,,
0638x2,0.208,0.535,0.242,0.736842105263158,0.736842105263158,0.736842105263158,0.395,1.497,0.403,,,,,,,,,,,,,
0639x2,0.249,0.529,0.254,0.736842105263158,0.736842105263158,0.736842105263158,0.399,1.412,0.353,,,,,,,,,,,,,
0640x2,0.171,0.53,0.206,0.736842105263158,0.736842105263158,0.736842105263158,0.388,1.416,0.389,,,,,,,,,,,,,
0641x2,0.211,0.556,0.234,0.736842105263158,0.736842105263158,0.736842105263158,0.384,1.535,0.388,,,,,,,,,,,,,
0642x2,0.189,0.531,0.199,0.736842105263158,0.736842105263158,0.736842105263158,0.402,1.511,0.373,,,,,,,,,,,,,
0643x2,0.208,0.542,0.244,0.736842105263158,0.736842105263158,0.736842105263158,0.421,1.568,0.409,,,,,,,,,,,,,
0644x2,0.226,0.524,0.258,0.736842105263158,0.736842105263158,0.736842105263158,0.391,1.464,0.392,,,,,,,,,,,,,
0645x2,0.226,0.529,0.239,0.736842105263158,0.736842105263158,0.736842105263158,0.377,1.464,0.408,,,,,,,,,,,,,
0646x2,0.203,0.547,0.228,0.736842105263158,0.736842105263158,0.736842105263158,0.379,1.512,0.387,,,,,,,,,,,,,
0647x2,0.219,0.522,0.228,0.736842105263158,0.736842105263158,0.736842105263158,0.398,1.483,0.375,,,,,,,,,,,,,
0648x2,0.195,0.528,0.212,0.736842105263158,0.736842105263158,0.736842105263158,0.39,1.436,0.408,,,,,,,,,,,,,
0649x2,0.137,0.561,0.257,0.736842105263158,0.736842105263158,0.736842105263158,0.4,1.559,0.423,,,,,,,,,,,,,
0650x2,0.199,0.524,0.213,0.736842105263158,0.736842105263158,0.736842105263158,0.405,1.559,0.382,,,,,,,,,,,,,
0651x2,0.203,0.532,0.458,0.736842105263158,0.736842105263158,0.736842105263158,0.387,1.462,0.356,,,,,,,,,,,,,
0652x2,0.224,0.53,0.197,0.736842105263158,0.736842105263158,0.736842105263158,0.372,1.507,0.362,,,,,,,,,,,,,
0653x2,0.205,0.574,0.245,0.736842105263158,0.736842105263158,0.736842105263158,0.417,1.619,0.406,,,,,,,,,,,,,
0654x2,0.222,0.526,0.233,0.736842105263158,0.736842105263158,0.736842105263158,0.384,1.511,0.376,,,,,,,,,,,,,
0655x2,0.183,0.534,0.211,0.736842105263158,0.736842105263158,0.736842105263158,0.408,1.538,0.42,,,,,,,,,,,,,
0656x2,0.235,0.51,0.277,0.736842105263158,0.736842105263158,0.736842105263158,0.378,1.481,0.362,,,,,,,,,,,,,
0657x2,0.184,0.512,0.2,0.736842105263158,0.736842105263158,0.736842105263158,0.371,1.514,0.366,,,,,,,,,,,,,
0658x2,0.171,0.512,0.176,0.736842105263158,0.736842105263158,0.736842105263158,0.392,1.493,0.364,,,,,,,,,,,,,
0659x2,0.239,0.548,0.247,0.736842105263158,0.736842105263158,0.736842105263158,0.374,1.449,0.385,,,,,,,,,,,,,
0660x2,0.18,0.536,0.208,0.736842105263158,0.736842105263158,0.736842105263158,0.4,1.498,0.439,,,,,,,,,,,,,
0661x2,0.2,0.53,0.228,0.736842105263158,0.736842105263158,0.736842105263158,0.399,1.534,0.391,,,,,,,,,,,,,
0662x2,0.207,0.523,0.22,0.736842105263158,0.736842105263158,0.736842105263158,0.382,1.478,0.373,,,,,,,,,,,,,
0663x2,0.176,0.52,0.218,0.736842105263158,0.736842105263158,0.736842105263158,0.393,1.498,0.366,,,,,,,,,,,,,
0664x2,0.2,0.529,0.214,0.736842105263158,0.736842105263158,0.736842105263158,0.385,1.574,0.374,,,,,,,,,,,,,
0665x2,0.221,0.538,0.245,0.736842105263158,0.736842105263158,0.736842105263158,0.388,1.466,0.402,,,,,,,,,,,,,
0666x2,0.196,0.511,0.217,0.736842105263158,0.736842105263158,0.736842105263158,0.394,1.442,0.373,,,,,,,,,,,,,
0667x2,0.191,0.481,0.2,0.736842105263158,0.736842105263158,0.736842105263158,0.374,1.42,0.325,,,,,,,,,,,,,
0668x2,0.185,0.473,0.208,0.736842105263158,0.736842105263158,0.736842105263158,0.372,1.467,0.329,,,,,,,,,,,,,
0669x2,0.347,0.548,0.398,0.736842105263158,0.736842105263158,0.736842105263158,0.384,1.534,0.4,,,,,,,,,,,,,
0670x2,0.187,0.485,0.216,0.736842105263158,0.736842105263158,0.736842105263158,0.379,1.329,0.404,,,,,,,,,,,,,
0671x2,0.223,0.556,0.295,0.736842105263158,0.736842105263158,0.736842105263158,0.369,1.476,0.417,,,,,,,,,,,,,
0672x2,0.224,0.529,0.236,0.736842105263158,0.736842105263158,0.736842105263158,0.398,1.467,0.389,,,,,,,,,,,,,
0673x2,0.205,0.481,0.213,0.736842105263158,0.736842105263158,0.736842105263158,0.38,1.384,0.36,,,,,,,,,,,,,
0674x2,0.192,0.527,0.214,0.736842105263158,0.736842105263158,0.736842105263158,0.384,1.495,0.408,,,,,,,,,,,,,
0675x2,0.19,0.571,0.22,0.736842105263158,0.736842105263158,0.736842105263158,0.41,1.502,0.427,,,,,,,,,,,,,
0676x2,0.189,0.509,0.198,0.736842105263158,0.736842105263158,0.736842105263158,0.379,1.528,0.348,,,,,,,,,,,,,
0677x2,0.176,0.523,0.214,0.736842105263158,0.736842105263158,0.736842105263158,0.378,1.499,0.369,,,,,,,,,,,,,
0678x2,0.189,0.542,0.233,0.736842105263158,0.736842105263158,0.736842105263158,0.37,1.495,0.367,,,,,,,,,,,,,
0679x2,0.211,0.549,0.249,0.736842105263158,0.736842105263158,0.736842105263158,0.409,1.526,0.416,,,,,,,,,,,,,
0680x2,0.198,0.511,0.248,0.736842105263158,0.736842105263158,0.736842105263158,0.402,1.412,0.404,,,,,,,,,,,,,
0681x2,0.213,0.542,0.235,0.736842105263158,0.736842105263158,0.736842105263158,0.394,1.415,0.424,,,,,,,,,,,,,
0682x2,0.16,0.482,0.211,0.736842105263158,0.736842105263158,0.736842105263158,0.371,1.453,0.334,,,,,,,,,,,,,
0683x2,0.2,0.532,0.203,0.736842105263158,0.736842105263158,0.736842105263158,0.38,1.514,0.374,,,,,,,,,,,,,
0684x2,0.19,0.504,0.196,0.736842105263158,0.736842105263158,0.736842105263158,0.367,1.45,0.34,,,,,,,,,,,,,
0685x2,0.204,0.473,0.147,0.736842105263158,0.736842105263158,0.736842105263158,0.385,1.369,0.351,,,,,,,,,,,,,
0686x2,0.197,0.522,0.204,0.736842105263158,0.736842105263158,0.736842105263158,0.372,1.447,0.378,,,,,,,,,,,,,
0687x2,0.214,0.536,0.357,0.736842105263158,0.736842105263158,0.736842105263158,0.391,1.6,0.388,,,,,,,,,,,,,
0688x2,0.205,0.537,0.234,0.736842105263158,0.736842105263158,0.736842105263158,0.375,1.499,0.398,,,,,,,,,,,,,
0689x2,0.21,0.564,0.263,0.736842105263158,0.736842105263158,0.736842105263158,0.391,1.5,0.423,,,,,,,,,,,,,
0690x2,0.179,0.502,0.178,0.736842105263158,0.736842105263158,0.736842105263158,0.382,1.325,0.397,,,,,,,,,,,,,
0691x2,0.22,0.525,0.222,0.736842105263158,0.736842105263158,0.736842105263158,0.402,1.489,0.384,,,,,,,,,,,,,
0692x2,0.21,0.533,0.238,0.736842105263158,0.736842105263158,0.736842105263158,0.396,1.487,0.383,,,,,,,,,,,,,
0693x2,0.203,0.522,0.23,0.736842105263158,0.736842105263158,0.736842105263158,0.375,1.472,0.373,,,,,,,,,,,,,
0694x2,0.195,0.503,0.177,0.736842105263158,0.736842105263158,0.736842105263158,0.388,1.393,0.39,,,,,,,,,,,,,
0695x2,0.239,0.523,0.305,0.736842105263158,0.736842105263158,0.736842105263158,0.386,1.453,0.415,,,,,,,,,,,,,
0696x2,0.196,0.473,0.222,0.736842105263158,0.736842105263158,0.736842105263158,0.392,1.304,0.412,,,,,,,,,,,,,
0697x2,0.198,0.511,0.207,0.736842105263158,0.736842105263158,0.736842105263158,0.383,1.525,0.344,,,,,,,,,,,,,
0698x2,0.201,0.562,0.244,0.736842105263158,0.736842105263158,0.736842105263158,0.394,1.613,0.371,,,,,,,,,,,,,
0699x2,0.168,0.514,0.182,0.736842105263158,0.736842105263158,0.736842105263158,0.385,1.406,0.375,,,,,,,,,,,,,
0700x2,0.176,0.527,0.186,0.736842105263158,0.736842105263158,0.736842105263158,0.368,1.507,0.354,,,,,,,,,,,,,
0701x2,0.216,0.529,0.254,0.736842105263158,0.736842105263158,0.736842105263158,0.395,1.501,0.406,,,,,,,,,,,,,
0702x2,0.205,0.528,0.241,0.736842105263158,0.736842105263158,0.736842105263158,0.396,1.492,0.411,,,,,,,,,,,,,
0703x2,0.198,0.465,0.212,0.736842105263158,0.736842105263158,0.736842105263158,0.373,1.285,0.377,,,,,,,,,,,,,
0704x2,0.181,0.523,0.171,0.736842105263158,0.736842105263158,0.736842105263158,0.384,1.465,0.372,,,,,,,,,,,,,
0705x2,0.217,0.529,0.255,0.736842105263158,0.736842105263158,0.736842105263158,0.383,1.454,0.394,,,,,,,,,,,,,
0706x2,0.178,0.508,0.214,0.736842105263158,0.736842105263158,0.736842105263158,0.363,1.447,0.362,,,,,,,,,,,,,
0707x2,0.228,0.526,0.253,0.736842105263158,0.736842105263158,0.736842105263158,0.388,1.538,0.381,,,,,,,,,,,,,
0708x2,0.197,0.534,0.237,0.736842105263158,0.736842105263158,0.736842105263158,0.402,1.479,0.398,,,,,,,,,,,,,
0709x2,0.194,0.492,0.212,0.736842105263158,0.736842105263158,0.736842105263158,0.393,1.524,0.364,,,,,,,,,,,,,
0710x2,0.259,0.485,0.284,0.736842105263158,0.736842105263158,0.736842105263158,0.361,1.418,0.305,,,,,,,,,,,,,
0711x2,0.192,0.545,0.213,0.736842105263158,0.736842105263158,0.736842105263158,0.4,1.537,0.397,,,,,,,,,,,,,
0712x2,0.166,0.528,0.229,0.736842105263158,0.736842105263158,0.736842105263158,0.392,1.559,0.328,,,,,,,,,,,,,
0713x2,0.201,0.522,0.273,0.736842105263158,0.736842105263158,0.736842105263158,0.387,1.421,0.407,,,,,,,,,,,,,
0714x2,0.185,0.525,0.189,0.736842105263158,0.736842105263158,0.736842105263158,0.391,1.55,0.363,,,,,,,,,,,,,
0715x2,0.253,0.556,0.281,0.736842105263158,0.736842105263158,0.736842105263158,0.41,1.467,0.405,,,,,,,,,,,,,
0716x2,0.186,0.562,0.173,0.736842105263158,0.736842105263158,0.736842105263158,0.399,1.742,0.339,,,,,,,,,,,,,
0717x2,0.214,0.502,0.24,0.736842105263158,0.736842105263158,0.736842105263158,0.385,1.438,0.378,,,,,,,,,,,,,
0718x2,0.205,0.531,0.235,0.736842105263158,0.736842105263158,0.736842105263158,0.39,1.434,0.38,,,,,,,,,,,,,
0719x2,0.17,0.529,0.186,0.736842105263158,0.736842105263158,0.736842105263158,0.399,1.495,0.392,,,,,,,,,,,,,
0720x2,0.183,0.527,0.219,0.736842105263158,0.736842105263158,0.736842105263158,0.383,1.508,0.363,,,,,,,,,,,,,
0721x2,0.235,0.525,0.277,0.736842105263158,0.736842105263158,0.736842105263158,0.392,1.426,0.391,,,,,,,,,,,,,
0722x2,0.197,0.526,0.22,0.736842105263158,0.736842105263158,0.736842105263158,0.384,1.477,0.385,,,,,,,,,,,,,
0723x2,0.177,0.5,0.187,0.736842105263158,0.736842105263158,0.736842105263158,0.39,1.474,0.353,,,,,,,,,,,,,
0724x2,0.191,0.44,0.209,0.736842105263158,0.736842105263158,0.736842105263158,0.376,1.282,0.339,,,,,,,,,,,,,
0725x2,0.19,0.537,0.199,0.736842105263158,0.736842105263158,0.736842105263158,0.38,1.415,0.365,,,,,,,,,,,,,
0726x2,0.217,0.505,0.227,0.736842105263158,0.736842105263158,0.736842105263158,0.398,1.447,0.36,,,,,,,,,,,,,
0727x2,0.201,0.529,0.226,0.736842105263158,0.736842105263158,0.736842105263158,0.388,1.466,0.389,,,,,,,,,,,,,
0728x2,0.198,0.524,0.236,0.736842105263158,0.736842105263158,0.736842105263158,0.391,1.485,0.405,,,,,,,,,,,,,
0729x2,0.247,0.529,0.262,0.736842105263158,0.736842105263158,0.736842105263158,0.4,1.487,0.424,,,,,,,,,,,,,
0730x2,0.226,0.527,0.263,0.736842105263158,0.736842105263158,0.736842105263158,0.409,1.504,0.378,,,,,,,,,,,,,
0731x2,0.232,0.531,0.276,0.736842105263158,0.736842105263158,0.736842105263158,0.371,1.521,0.364,,,,,,,,,,,,,
0732x2,0.259,0.504,0.315,0.736842105263158,0.736842105263158,0.736842105263158,0.379,1.468,0.327,,,,,,,,,,,,,
0733x2,0.213,0.513,0.25,0.736842105263158,0.736842105263158,0.736842105263158,0.384,1.402,0.404,,,,,,,,,,,,,
0734x2,0.183,0.498,0.201,0.736842105263158,0.736842105263158,0.736842105263158,0.381,1.411,0.389,,,,,,,,,,,,,
0735x2,0.185,0.534,0.223,0.736842105263158,0.736842105263158,0.736842105263158,0.39,1.533,0.393,,,,,,,,,,,,,
0736x2,0.224,0.523,0.284,0.736842105263158,0.736842105263158,0.736842105263158,0.378,1.478,0.384,,,,,,,,,,,,,
0737x2,0.196,0.522,0.209,0.736842105263158,0.736842105263158,0.736842105263158,0.389,1.498,0.37,,,,,,,,,,,,,
0738x2,0.19,0.521,0.17,0.736842105263158,0.736842105263158,0.736842105263158,0.389,1.486,0.382,,,,,,,,,,,,,
0739x2,0.214,0.537,0.248,0.736842105263158,0.736842105263158,0.736842105263158,0.377,1.502,0.38,,,,,,,,,,,,,
0740x2,0.168,0.537,0.179,0.736842105263158,0.736842105263158,0.736842105263158,0.387,1.498,0.384,,,,,,,,,,,,,
0741x2,0.206,0.478,0.213,0.736842105263158,0.736842105263158,0.736842105263158,0.376,1.294,0.372,,,,,,,,,,,,,
0742x2,0.181,0.509,0.21,0.736842105263158,0.736842105263158,0.736842105263158,0.375,1.472,0.367,,,,,,,,,,,,,
0743x2,0.19,0.544,0.21,0.736842105263158,0.736842105263158,0.736842105263158,0.359,1.37,0.373,,,,,,,,,,,,,
0744x2,0.139,0.512,0.184,0.736842105263158,0.736842105263158,0.736842105263158,0.38,1.479,0.373,,,,,,,,,,,,,
0745x2,0.218,0.506,0.288,0.736842105263158,0.736842105263158,0.736842105263158,0.355,1.281,0.326,,,,,,,,,,,,,
0746x2,0.212,0.523,0.233,0.736842105263158,0.736842105263158,0.736842105263158,0.374,1.466,0.378,,,,,,,,,,,,,
0747x2,0.185,0.528,0.206,0.736842105263158,0.736842105263158,0.736842105263158,0.4,1.574,0.382,,,,,,,,,,,,,
0748x2,0.193,0.514,0.236,0.736842105263158,0.736842105263158,0.736842105263158,0.367,1.51,0.371,,,,,,,,,,,,,
0749x2,0.209,0.534,0.238,0.736842105263158,0.736842105263158,0.736842105263158,0.401,1.453,0.418,,,,,,,,,,,,,
0750x2,0.194,0.522,0.229,0.736842105263158,0.736842105263158,0.736842105263158,0.383,1.471,0.377,,,,,,,,,,,,,
0751x2,0.203,0.524,0.248,0.736842105263158,0.736842105263158,0.736842105263158,0.382,1.48,0.367,,,,,,,,,,,,,
0752x2,0.17,0.449,0.195,0.736842105263158,0.736842105263158,0.736842105263158,0.38,1.287,0.324,,,,,,,,,,,,,
0753x2,0.219,0.534,0.254,0.736842105263158,0.736842105263158,0.736842105263158,0.39,1.47,0.362,,,,,,,,,,,,,
0754x2,0.212,0.513,0.241,0.736842105263158,0.736842105263158,0.736842105263158,0.397,1.446,0.379,,,,,,,,,,,,,
0755x2,0.235,0.521,0.295,0.736842105263158,0.736842105263158,0.736842105263158,0.381,1.436,0.36,,,,,,,,,,,,,
0756x2,0.194,0.526,0.206,0.736842105263158,0.736842105263158,0.736842105263158,0.396,1.453,0.366,,,,,,,,,,,,,
0757x2,0.185,0.474,0.225,0.736842105263158,0.736842105263158,0.736842105263158,0.363,1.325,0.377,,,,,,,,,,,,,
0758x2,0.153,0.495,0.183,0.736842105263158,0.736842105263158,0.736842105263158,0.382,1.39,0.365,,,,,,,,,,,,,
0759x2,0.208,0.522,0.226,0.736842105263158,0.736842105263158,0.736842105263158,0.365,1.491,0.364,,,,,,,,,,,,,
0760x2,0.207,0.538,0.247,0.736842105263158,0.736842105263158,0.736842105263158,0.386,1.377,0.427,,,,,,,,,,,,,
0761x2,0.159,0.499,0.145,0.736842105263158,0.736842105263158,0.736842105263158,0.396,1.552,0.352,,,,,,,,,,,,,
0762x2,0.054,0.529,,0.736842105263158,0.736842105263158,0.736842105263158,0.401,1.46,0.406,,,,,,,,,,,,,
0763x2,0.23,0.541,0.271,0.736842105263158,0.736842105263158,0.736842105263158,0.393,1.545,0.39,,,,,,,,,,,,,
0764x2,0.212,0.516,0.228,0.736842105263158,0.736842105263158,0.736842105263158,0.404,1.488,0.397,,,,,,,,,,,,,
0765x2,0.241,0.509,0.277,0.736842105263158,0.736842105263158,0.736842105263158,0.381,1.447,0.352,,,,,,,,,,,,,
0766x2,0.168,0.506,0.19,0.736842105263158,0.736842105263158,0.736842105263158,0.355,1.457,0.341,,,,,,,,,,,,,
0767x2,0.202,0.541,0.184,0.736842105263158,0.736842105263158,0.736842105263158,0.404,1.512,0.39,,,,,,,,,,,,,
0768x2,0.216,0.531,0.24,0.736842105263158,0.736842105263158,0.736842105263158,0.395,1.476,0.398,,,,,,,,,,,,,
0769x2,0.145,0.518,0.134,0.736842105263158,0.736842105263158,0.736842105263158,0.371,1.436,0.345,,,,,,,,,,,,,
0770x2,0.19,0.505,0.178,0.736842105263158,0.736842105263158,0.736842105263158,0.368,1.439,0.341,,,,,,,,,,,,,
0771x2,0.19,0.537,0.245,0.736842105263158,0.736842105263158,0.736842105263158,0.389,1.505,0.398,,,,,,,,,,,,,
0772x2,0.254,0.485,0.277,0.736842105263158,0.736842105263158,0.736842105263158,0.381,1.426,0.338,,,,,,,,,,,,,
0773x2,0.186,0.544,0.216,0.736842105263158,0.736842105263158,0.736842105263158,0.385,1.497,0.433,,,,,,,,,,,,,
0774x2,0.35,0.541,0.315,0.736842105263158,0.736842105263158,0.736842105263158,0.415,1.501,0.401,,,,,,,,,,,,,
0775x2,0.197,0.5,0.194,0.736842105263158,0.736842105263158,0.736842105263158,0.375,1.546,0.306,,,,,,,,,,,,,
0776x2,0.205,0.515,0.232,0.736842105263158,0.736842105263158,0.736842105263158,0.391,1.499,0.373,,,,,,,,,,,,,
0777x2,0.199,0.54,0.25,0.736842105263158,0.736842105263158,0.736842105263158,0.375,1.546,0.367,,,,,,,,,,,,,
0778x2,0.189,0.519,0.214,0.736842105263158,0.736842105263158,0.736842105263158,0.389,1.482,0.387,,,,,,,,,,,,,
0779x2,0.207,0.512,0.241,0.736842105263158,0.736842105263158,0.736842105263158,0.391,1.464,0.38,,,,,,,,,,,,,
0780x2,0.239,0.501,0.239,0.736842105263158,0.736842105263158,0.736842105263158,0.381,1.44,0.35,,,,,,,,,,,,,
0781x2,0.2,0.536,0.243,0.736842105263158,0.736842105263158,0.736842105263158,0.362,1.457,0.395,,,,,,,,,,,,,
0782x2,0.204,0.521,0.218,0.736842105263158,0.736842105263158,0.736842105263158,0.404,1.469,0.38,,,,,,,,,,,,,
0783x2,0.251,0.527,0.28,0.736842105263158,0.736842105263158,0.736842105263158,0.386,1.453,0.373,,,,,,,,,,,,,
0784x2,0.191,0.512,0.189,0.736842105263158,0.736842105263158,0.736842105263158,0.371,1.46,0.378,,,,,,,,,,,,,
0785x2,0.184,0.502,0.229,0.736842105263158,0.736842105263158,0.736842105263158,0.386,1.453,0.34,,,,,,,,,,,,,
0786x2,0.163,0.499,0.183,0.736842105263158,0.736842105263158,0.736842105263158,0.374,1.52,0.318,,,,,,,,,,,,,
0787x2,0.266,0.58,0.306,0.736842105263158,0.736842105263158,0.736842105263158,0.348,1.489,0.419,,,,,,,,,,,,,
0788x2,0.211,0.523,0.219,0.736842105263158,0.736842105263158,0.736842105263158,0.388,1.482,0.346,,,,,,,,,,,,,
0789x2,0.216,0.524,0.251,0.736842105263158,0.736842105263158,0.736842105263158,0.379,1.434,0.386,,,,,,,,,,,,,
0790x2,0.206,0.542,0.238,0.736842105263158,0.736842105263158,0.736842105263158,0.395,1.501,0.395,,,,,,,,,,,,,
0791x2,0.211,0.511,0.245,0.736842105263158,0.736842105263158,0.736842105263158,0.391,1.44,0.389,,,,,,,,,,,,,
0792x2,0.205,0.544,0.238,0.736842105263158,0.736842105263158,0.736842105263158,0.386,1.476,0.405,,,,,,,,,,,,,
0793x2,0.211,0.529,0.235,0.736842105263158,0.736842105263158,0.736842105263158,0.391,1.489,0.374,,,,,,,,,,,,,
0794x2,0.174,0.512,0.16,0.736842105263158,0.736842105263158,0.736842105263158,0.381,1.482,0.369,,,,,,,,,,,,,
0795x2,0.188,0.528,0.231,0.736842105263158,0.736842105263158,0.736842105263158,0.395,1.406,0.407,,,,,,,,,,,,,
0796x2,0.2,0.539,0.214,0.736842105263158,0.736842105263158,0.736842105263158,0.38,1.442,0.404,,,,,,,,,,,,,
0797x2,0.267,0.538,0.312,0.736842105263158,0.736842105263158,0.736842105263158,0.329,1.444,0.415,,,,,,,,,,,,,
0798x2,0.21,0.52,0.219,0.736842105263158,0.736842105263158,0.736842105263158,0.381,1.464,0.369,,,,,,,,,,,,,
0799x2,0.209,0.541,0.233,0.736842105263158,0.736842105263158,0.736842105263158,0.391,1.489,0.397,,,,,,,,,,,,,
0800x2,0.175,0.503,0.183,0.736842105263158,0.736842105263158,0.736842105263158,0.387,1.428,0.397,,,,,,,,,,,,,
