<?xml version="1.0" encoding="UTF-8" ?>
<document>
<!--The data in this file is primarily intended for consumption by Xilinx tools.
The structure and the elements are likely to change over the next few releases.
This means code written to parse this file will need to be revisited each subsequent release.-->
<application name="pa" timeStamp="Tue May  6 16:29:50 2025">
<section name="Project Information" visible="false">
<property name="ProjectID" value="1824a8870a034747831a15b48be3d7a3" type="ProjectID"/>
<property name="ProjectIteration" value="54" type="ProjectIteration"/>
</section>
<section name="PlanAhead Usage" visible="true">
<item name="Project Data">
<property name="SrcSetCount" value="1" type="SrcSetCount"/>
<property name="ConstraintSetCount" value="1" type="ConstraintSetCount"/>
<property name="DesignMode" value="RTL" type="DesignMode"/>
<property name="SynthesisStrategy" value="Vivado Synthesis Defaults" type="SynthesisStrategy"/>
<property name="ImplStrategy" value="Vivado Implementation Defaults" type="ImplStrategy"/>
</item>
</section>
</application>
</document>
