<?xml version="1.0" encoding="UTF-8"?>
<GenRun Id="synth_1" LaunchPart="xc7z020clg400-1" LaunchTime="1746562981" LaunchIncrCheckpoint="$PSRCDIR/utils_1/imports/synth_1/final_ip_decrypt.dcp">
  <File Type="VDS-TIMINGSUMMARY" Name="final_ip_decrypt_timing_summary_synth.rpt"/>
  <File Type="RDS-DCP" Name="final_ip_decrypt.dcp"/>
  <File Type="RDS-UTIL-PB" Name="final_ip_decrypt_utilization_synth.pb"/>
  <File Type="RDS-UTIL" Name="final_ip_decrypt_utilization_synth.rpt"/>
  <File Type="RDS-PROPCONSTRS" Name="final_ip_decrypt_drc_synth.rpt"/>
  <File Type="RDS-RDS" Name="final_ip_decrypt.vds"/>
  <File Type="REPORTS-TCL" Name="final_ip_decrypt_reports.tcl"/>
  <File Type="VDS-TIMING-PB" Name="final_ip_decrypt_timing_summary_synth.pb"/>
  <File Type="PA-TCL" Name="final_ip_decrypt.tcl"/>
  <FileSet Name="sources" Type="DesignSrcs" RelSrcDir="$PSRCDIR/sources_1" RelGenDir="$PGENDIR/sources_1">
    <Filter Type="Srcs"/>
    <File Path="$PSRCDIR/sources_1/new/decrypt.v">
      <FileInfo>
        <Attr Name="UsedIn" Val="synthesis"/>
        <Attr Name="UsedIn" Val="implementation"/>
        <Attr Name="UsedIn" Val="simulation"/>
      </FileInfo>
    </File>
    <File Path="$PSRCDIR/sources_1/new/final_ip_decrypt.v">
      <FileInfo>
        <Attr Name="UsedIn" Val="synthesis"/>
        <Attr Name="UsedIn" Val="implementation"/>
        <Attr Name="UsedIn" Val="simulation"/>
      </FileInfo>
    </File>
    <File Path="$PPRDIR/component.xml">
      <FileInfo SFType="IPXACT"/>
    </File>
    <Config>
      <Option Name="DesignMode" Val="RTL"/>
      <Option Name="TopModule" Val="final_ip_decrypt"/>
      <Option Name="TopAutoSet" Val="TRUE"/>
    </Config>
  </FileSet>
  <FileSet Name="constrs_in" Type="Constrs" RelSrcDir="$PSRCDIR/constrs_1" RelGenDir="$PGENDIR/constrs_1">
    <Filter Type="Constrs"/>
    <Config>
      <Option Name="ConstrsType" Val="XDC"/>
    </Config>
  </FileSet>
  <FileSet Name="utils" Type="Utils" RelSrcDir="$PSRCDIR/utils_1" RelGenDir="$PGENDIR/utils_1">
    <Filter Type="Utils"/>
    <File Path="$PSRCDIR/utils_1/imports/synth_1/final_ip_decrypt.dcp">
      <FileInfo>
        <Attr Name="UsedIn" Val="synthesis"/>
        <Attr Name="UsedIn" Val="implementation"/>
        <Attr Name="UsedInSteps" Val="synth_1"/>
        <Attr Name="AutoDcp" Val="1"/>
      </FileInfo>
    </File>
    <Config>
      <Option Name="TopAutoSet" Val="TRUE"/>
    </Config>
  </FileSet>
  <Strategy Version="1" Minor="2">
    <StratHandle Name="Vivado Synthesis Defaults" Flow="Vivado Synthesis 2024"/>
    <Step Id="synth_design"/>
  </Strategy>
</GenRun>
