<?xml version="1.0" encoding="UTF-8"?>
<GenRun Id="impl_1" LaunchPart="xc7z020clg400-1" LaunchTime="1746562982">
  <File Type="ROUTE-RQS-RPT" Name="route_report_qor_suggestions_0.rpt"/>
  <File Type="POSTROUTE-PHYSOPT-RQS" Name="final_ip_decrypt_postroute_physopted.rqs"/>
  <File Type="ROUTE-RQS" Name="final_ip_decrypt_routed.rqs"/>
  <File Type="WBT-USG" Name="usage_statistics_webtalk.html"/>
  <File Type="BG-BGN" Name="final_ip_decrypt.bgn"/>
  <File Type="BITSTR-SYSDEF" Name="final_ip_decrypt.sysdef"/>
  <File Type="BITSTR-LTX" Name="debug_nets.ltx"/>
  <File Type="BITSTR-LTX" Name="final_ip_decrypt.ltx"/>
  <File Type="RBD_FILE" Name="final_ip_decrypt.rbd"/>
  <File Type="NPI_FILE" Name="final_ip_decrypt.npi"/>
  <File Type="RNPI_FILE" Name="final_ip_decrypt.rnpi"/>
  <File Type="CFI_FILE" Name="final_ip_decrypt.cfi"/>
  <File Type="RCFI_FILE" Name="final_ip_decrypt.rcfi"/>
  <File Type="PL-PDI-FILE" Name="final_ip_decrypt_pld.pdi"/>
  <File Type="BOOT-PDI-FILE" Name="final_ip_decrypt_boot.pdi"/>
  <File Type="RDI-RDI" Name="final_ip_decrypt.vdi"/>
  <File Type="PDI-FILE" Name="final_ip_decrypt.pdi"/>
  <File Type="BITSTR-MMI" Name="final_ip_decrypt.mmi"/>
  <File Type="BITSTR-BMM" Name="final_ip_decrypt_bd.bmm"/>
  <File Type="BITSTR-NKY" Name="final_ip_decrypt.nky"/>
  <File Type="BITSTR-RBT" Name="final_ip_decrypt.rbt"/>
  <File Type="BITSTR-MSK" Name="final_ip_decrypt.msk"/>
  <File Type="BG-BIN" Name="final_ip_decrypt.bin"/>
  <File Type="POSTROUTE-PHYSOPT-RQS-RPT" Name="postroute_physopt_report_qor_suggestions_0.rpt"/>
  <File Type="BG-BIT" Name="final_ip_decrypt.bit"/>
  <File Type="POSTROUTE-PHYSOPT-BUS-SKEW-RPX" Name="final_ip_decrypt_bus_skew_postroute_physopted.rpx"/>
  <File Type="POSTROUTE-PHYSOPT-BUS-SKEW-PB" Name="final_ip_decrypt_bus_skew_postroute_physopted.pb"/>
  <File Type="POSTROUTE-PHYSOPT-BUS-SKEW" Name="final_ip_decrypt_bus_skew_postroute_physopted.rpt"/>
  <File Type="POSTROUTE-PHYSOPT-TIMING-RPX" Name="final_ip_decrypt_timing_summary_postroute_physopted.rpx"/>
  <File Type="POSTROUTE-PHYSOPT-TIMING-PB" Name="final_ip_decrypt_timing_summary_postroute_physopted.pb"/>
  <File Type="POSTROUTE-PHYSOPT-TIMING" Name="final_ip_decrypt_timing_summary_postroute_physopted.rpt"/>
  <File Type="POSTROUTE-PHYSOPT-BLACKBOX-DCP" Name="final_ip_decrypt_postroute_physopt_bb.dcp"/>
  <File Type="POSTROUTE-PHYSOPT-DCP" Name="final_ip_decrypt_postroute_physopt.dcp"/>
  <File Type="BG-DRC" Name="final_ip_decrypt.drc"/>
  <File Type="ROUTE-RQS-PB" Name="final_ip_decrypt_rqs_routed.pb"/>
  <File Type="ROUTE-BUS-SKEW-RPX" Name="final_ip_decrypt_bus_skew_routed.rpx"/>
  <File Type="ROUTE-BUS-SKEW-PB" Name="final_ip_decrypt_bus_skew_routed.pb"/>
  <File Type="ROUTE-BUS-SKEW" Name="final_ip_decrypt_bus_skew_routed.rpt"/>
  <File Type="ROUTE-CLK" Name="final_ip_decrypt_clock_utilization_routed.rpt"/>
  <File Type="ROUTE-SIMILARITY" Name="final_ip_decrypt_incremental_reuse_routed.rpt"/>
  <File Type="ROUTE-TIMING-RPX" Name="final_ip_decrypt_timing_summary_routed.rpx"/>
  <File Type="ROUTE-TIMING-PB" Name="final_ip_decrypt_timing_summary_routed.pb"/>
  <File Type="ROUTE-TIMINGSUMMARY" Name="final_ip_decrypt_timing_summary_routed.rpt"/>
  <File Type="ROUTE-STATUS-PB" Name="final_ip_decrypt_route_status.pb"/>
  <File Type="ROUTE-STATUS" Name="final_ip_decrypt_route_status.rpt"/>
  <File Type="ROUTE-PWR-RPX" Name="final_ip_decrypt_power_routed.rpx"/>
  <File Type="ROUTE-PWR-SUM" Name="final_ip_decrypt_power_summary_routed.pb"/>
  <File Type="ROUTE-PWR" Name="final_ip_decrypt_power_routed.rpt"/>
  <File Type="ROUTE-METHODOLOGY-DRC-PB" Name="final_ip_decrypt_methodology_drc_routed.pb"/>
  <File Type="ROUTE-METHODOLOGY-DRC-RPX" Name="final_ip_decrypt_methodology_drc_routed.rpx"/>
  <File Type="ROUTE-METHODOLOGY-DRC" Name="final_ip_decrypt_methodology_drc_routed.rpt"/>
  <File Type="ROUTE-DRC-RPX" Name="final_ip_decrypt_drc_routed.rpx"/>
  <File Type="ROUTE-DRC-PB" Name="final_ip_decrypt_drc_routed.pb"/>
  <File Type="ROUTE-DRC" Name="final_ip_decrypt_drc_routed.rpt"/>
  <File Type="ROUTE-BLACKBOX-DCP" Name="final_ip_decrypt_routed_bb.dcp"/>
  <File Type="ROUTE-DCP" Name="final_ip_decrypt_routed.dcp"/>
  <File Type="ROUTE-ERROR-DCP" Name="final_ip_decrypt_routed_error.dcp"/>
  <File Type="PHYSOPT-TIMING" Name="final_ip_decrypt_timing_summary_physopted.rpt"/>
  <File Type="PHYSOPT-DRC" Name="final_ip_decrypt_drc_physopted.rpt"/>
  <File Type="PHYSOPT-DCP" Name="final_ip_decrypt_physopt.dcp"/>
  <File Type="POSTPLACE-PWROPT-TIMING" Name="final_ip_decrypt_timing_summary_postplace_pwropted.rpt"/>
  <File Type="POSTPLACE-PWROPT-DCP" Name="final_ip_decrypt_postplace_pwropt.dcp"/>
  <File Type="PLACE-RQA-PB" Name="final_ip_decrypt_rqa_placed.pb"/>
  <File Type="PLACE-TIMING" Name="final_ip_decrypt_timing_summary_placed.rpt"/>
  <File Type="PLACE-PRE-SIMILARITY" Name="final_ip_decrypt_incremental_reuse_pre_placed.rpt"/>
  <File Type="PLACE-SIMILARITY" Name="final_ip_decrypt_incremental_reuse_placed.rpt"/>
  <File Type="PLACE-CTRL" Name="final_ip_decrypt_control_sets_placed.rpt"/>
  <File Type="PLACE-UTIL-PB" Name="final_ip_decrypt_utilization_placed.pb"/>
  <File Type="PLACE-UTIL" Name="final_ip_decrypt_utilization_placed.rpt"/>
  <File Type="PLACE-CLK" Name="final_ip_decrypt_clock_utilization_placed.rpt"/>
  <File Type="PLACE-IO" Name="final_ip_decrypt_io_placed.rpt"/>
  <File Type="PLACE-DCP" Name="final_ip_decrypt_placed.dcp"/>
  <File Type="PWROPT-TIMING" Name="final_ip_decrypt_timing_summary_pwropted.rpt"/>
  <File Type="PWROPT-DRC" Name="final_ip_decrypt_drc_pwropted.rpt"/>
  <File Type="PWROPT-DCP" Name="final_ip_decrypt_pwropt.dcp"/>
  <File Type="OPT-RQA-PB" Name="final_ip_decrypt_rqa_opted.pb"/>
  <File Type="OPT-HWDEF" Name="final_ip_decrypt.hwdef"/>
  <File Type="OPT-METHODOLOGY-DRC" Name="final_ip_decrypt_methodology_drc_opted.rpt"/>
  <File Type="OPT-DRC" Name="final_ip_decrypt_drc_opted.rpt"/>
  <File Type="OPT-DCP" Name="final_ip_decrypt_opt.dcp"/>
  <File Type="OPT-TIMING" Name="final_ip_decrypt_timing_summary_opted.rpt"/>
  <File Type="REPORTS-TCL" Name="final_ip_decrypt_reports.tcl"/>
  <File Type="INIT-TIMING" Name="final_ip_decrypt_timing_summary_init.rpt"/>
  <File Type="PA-TCL" Name="final_ip_decrypt.tcl"/>
  <FileSet Name="sources" Type="DesignSrcs" RelSrcDir="$PSRCDIR/sources_1" RelGenDir="$PGENDIR/sources_1">
    <Filter Type="Srcs"/>
    <File Path="$PSRCDIR/sources_1/new/decrypt.v">
      <FileInfo>
        <Attr Name="UsedIn" Val="synthesis"/>
        <Attr Name="UsedIn" Val="implementation"/>
        <Attr Name="UsedIn" Val="simulation"/>
      </FileInfo>
    </File>
    <File Path="$PSRCDIR/sources_1/new/final_ip_decrypt.v">
      <FileInfo>
        <Attr Name="UsedIn" Val="synthesis"/>
        <Attr Name="UsedIn" Val="implementation"/>
        <Attr Name="UsedIn" Val="simulation"/>
      </FileInfo>
    </File>
    <File Path="$PPRDIR/component.xml">
      <FileInfo SFType="IPXACT"/>
    </File>
    <Config>
      <Option Name="DesignMode" Val="RTL"/>
      <Option Name="TopModule" Val="final_ip_decrypt"/>
      <Option Name="TopAutoSet" Val="TRUE"/>
    </Config>
  </FileSet>
  <FileSet Name="constrs_in" Type="Constrs" RelSrcDir="$PSRCDIR/constrs_1" RelGenDir="$PGENDIR/constrs_1">
    <Filter Type="Constrs"/>
    <Config>
      <Option Name="ConstrsType" Val="XDC"/>
    </Config>
  </FileSet>
  <FileSet Name="utils" Type="Utils" RelSrcDir="$PSRCDIR/utils_1" RelGenDir="$PGENDIR/utils_1">
    <Filter Type="Utils"/>
    <File Path="$PSRCDIR/utils_1/imports/synth_1/final_ip_decrypt.dcp">
      <FileInfo>
        <Attr Name="UsedIn" Val="synthesis"/>
        <Attr Name="UsedIn" Val="implementation"/>
        <Attr Name="UsedInSteps" Val="synth_1"/>
        <Attr Name="AutoDcp" Val="1"/>
      </FileInfo>
    </File>
    <Config>
      <Option Name="TopAutoSet" Val="TRUE"/>
    </Config>
  </FileSet>
  <Strategy Version="1" Minor="2">
    <StratHandle Name="Vivado Implementation Defaults" Flow="Vivado Implementation 2024"/>
    <Step Id="init_design"/>
    <Step Id="opt_design"/>
    <Step Id="power_opt_design"/>
    <Step Id="place_design"/>
    <Step Id="post_place_power_opt_design"/>
    <Step Id="phys_opt_design"/>
    <Step Id="route_design"/>
    <Step Id="post_route_phys_opt_design"/>
    <Step Id="write_bitstream"/>
  </Strategy>
</GenRun>
